,Right_Hip_Angle,Right_Hip_Angle,Right_Hip_Angle,Right_Knee_Angle,Right_Knee_Angle,Right_Knee_Angle,Right_Ankle_Angle,Right_Ankle_Angle,Right_Ankle_Angle,Right_Pelvic_Angle,Right_Pelvic_Angle,Right_Pelvic_Angle,Right_Foot_Pitch_Angle
,LINK_MODEL_BASED,LINK_MODEL_BASED,LINK_MODEL_BASED,LINK_MODEL_BASED,LINK_MODEL_BASED,LINK_MODEL_BASED,LINK_MODEL_BASED,LINK_MODEL_BASED,LINK_MODEL_BASED,LINK_MODEL_BASED,LINK_MODEL_BASED,LINK_MODEL_BASED,LINK_MODEL_BASED
ITEM,X,Y,Z,X.1,Y.1,Z.1,X.2,Y.2,Z.2,X.3,Y.3,Z.3,X.4
1.0,20.0689,-0.13731,-0.75651,7.16531,-1.66801,-11.14687,-3.69878,16.32908,5.49742,5.74911,5.25051,170.59773,-10.52229
2.0,20.10632,-0.22969,-1.2649,7.0608,-1.99659,-10.67787,-4.73924,16.15769,6.64656,5.9552,4.86244,170.67824,-9.53258
3.0,20.14468,-0.27275,-1.93489,6.90119,-2.40577,-9.93236,-5.95919,16.008,7.82343,6.1777,4.5168,170.76144,-8.37633
4.0,20.20024,-0.27261,-2.70087,6.70782,-2.85547,-8.85043,-7.23472,15.89155,8.77862,6.41219,4.23747,170.84923,-7.12009
5.0,20.29709,-0.24991,-3.46206,6.54394,-3.2748,-7.42482,-8.38444,15.80577,9.26043,6.6504,4.0408,170.93999,-5.86075
6.0,20.45771,-0.23387,-4.09383,6.50343,-3.58534,-5.74586,-9.221,15.73952,9.11938,6.87844,3.9263,171.02722,-4.70993
7.0,20.69532,-0.24628,-4.47413,6.67788,-3.73637,-4.01623,-9.62671,15.68206,8.38458,7.08103,3.87679,171.10306,-3.76018
8.0,21.01083,-0.2921,-4.51285,7.11678,-3.72134,-2.50476,-9.59832,15.62667,7.25082,7.24944,3.86998,171.16576,-3.05335
9.0,21.39247,-0.36785,-4.17244,7.80224,-3.56471,-1.47075,-9.23957,15.56793,6.00195,7.38486,3.88732,171.2234,-2.57442
10.0,21.81579,-0.47051,-3.48156,8.65107,-3.30151,-1.0821,-8.71341,15.50381,4.90843,7.49438,3.91393,171.29086,-2.27251
11.0,22.24529,-0.59375,-2.54221,9.54283,-2.96864,-1.36457,-8.18152,15.43321,4.15251,7.5869,3.93765,171.38495,-2.08852
12.0,22.63659,-0.72622,-1.51547,10.35658,-2.60578,-2.19985,-7.75799,15.34581,3.80276,7.67075,3.94903,171.52094,-1.97147
13.0,22.9415,-0.85798,-0.58364,10.99884,-2.25916,-3.36376,-7.49134,15.2235,3.82576,7.75182,3.94083,171.70976,-1.88322
14.0,23.11911,-0.98468,0.09325,11.41792,-1.97956,-4.5831,-7.36979,15.05556,4.11266,7.83375,3.90791,171.95627,-1.79952
15.0,23.15375,-1.10055,0.41092,11.61438,-1.81058,-5.6012,-7.33707,14.84922,4.51399,7.9213,3.85165,172.25894,-1.70953
16.0,23.06895,-1.18971,0.34074,11.64194,-1.77487,-6.24044,-7.31554,14.62843,4.881,8.02465,3.78491,172.61165,-1.6125
17.0,22.92029,-1.23142,-0.06585,11.58528,-1.86729,-6.43221,-7.23471,14.42429,5.09638,8.15673,3.72733,173.00334,-1.51213
18.0,22.77086,-1.21497,-0.69031,11.52408,-2.05539,-6.21628,-7.05683,14.25972,5.09484,8.32459,3.69418,173.41527,-1.41237
19.0,22.6697,-1.14648,-1.37848,11.50891,-2.28784,-5.71128,-6.78312,14.1395,4.86545,8.52557,3.69056,173.82175,-1.31609
20.0,22.64252,-1.04345,-1.98146,11.56073,-2.50974,-5.08004,-6.44201,14.0534,4.45043,8.75032,3.71388,174.1958,-1.22522
21.0,22.69292,-0.92689,-2.38911,11.68353,-2.67547,-4.49146,-6.0699,13.98485,3.93298,8.98678,3.75711,174.51529,-1.1412
22.0,22.80964,-0.81549,-2.54827,11.87362,-2.75571,-4.08649,-5.69871,13.91737,3.41587,9.22346,3.81137,174.76729,-1.0653
23.0,22.97516,-0.72259,-2.46405,12.12143,-2.74172,-3.95275,-5.35258,13.83974,2.99527,9.45187,3.86763,174.95047,-0.99812
24.0,23.17121,-0.65468,-2.18688,12.41137,-2.64476,-4.11241,-5.04693,13.74776,2.73667,9.66777,3.91827,175.07388,-0.93893
25.0,23.37979,-0.61145,-1.79374,12.72367,-2.4894,-4.52412,-4.78641,13.64151,2.66106,9.87021,3.95759,175.15332,-0.88584
26.0,23.58209,-0.5876,-1.37122,13.03591,-2.30677,-5.0943,-4.56466,13.52382,2.74276,10.05984,3.98208,175.2072,-0.83686
27.0,23.75988,-0.57516,-1.0001,13.3264,-2.12874,-5.69894,-4.3672,13.40076,2.91902,10.23758,3.99139,175.25349,-0.79073
28.0,23.8996,-0.56522,-0.74177,13.57829,-1.98158,-6.21822,-4.1778,13.27971,3.11403,10.40461,3.98923,175.30725,-0.74692
29.0,23.99547,-0.54851,-0.62917,13.7824,-1.88122,-6.57117,-3.98526,13.16623,3.2679,10.56249,3.98319,175.37802,-0.70512
30.0,24.04958,-0.51731,-0.66537,13.93789,-1.83153,-6.73115,-3.78601,13.06216,3.35297,10.71274,3.98202,175.46851,-0.66504
31.0,24.07023,-0.46685,-0.82883,14.05123,-1.82619,-6.71817,-3.58258,12.96642,3.37106,10.85627,3.99289,175.57503,-0.62645
32.0,24.06811,-0.39663,-1.08147,14.13287,-1.8532,-6.58141,-3.38089,12.87753,3.34196,10.99276,4.01848,175.68936,-0.58933
33.0,24.05253,-0.31176,-1.37876,14.19297,-1.89875,-6.38031,-3.18789,12.79509,3.29256,11.12128,4.0559,175.80116,-0.55393
34.0,24.02846,-0.22287,-1.68044,14.23734,-1.94913,-6.16676,-3.00936,12.71927,3.24708,11.241,4.0977,175.90065,-0.52068
35.0,23.99652,-0.14257,-1.95909,14.26557,-1.99335,-5.97313,-2.84872,12.65034,3.2204,11.35289,4.13512,175.98103,-0.49016
36.0,23.95448,-0.08085,-2.20439,14.27112,-2.02598,-5.80917,-2.70721,12.58939,3.21698,11.46076,4.16115,176.03989,-0.46307
37.0,23.89797,-0.04316,-2.4223,14.24147,-2.04731,-5.66578,-2.58539,12.53786,3.23336,11.57096,4.17141,176.07909,-0.44019
38.0,23.8196,-0.03129,-2.62926,14.15929,-2.06071,-5.52307,-2.4841,12.49637,3.26185,11.69011,4.1636,176.1035,-0.42228
39.0,23.7092,-0.04551,-2.84454,14.00604,-2.07035,-5.35942,-2.40485,12.46439,3.29376,11.8224,4.13612,176.11966,-0.41
40.0,23.55554,-0.08579,-3.08471,13.7663,-2.08108,-5.15795,-2.34987,12.44111,3.32221,11.96766,4.08677,176.13414,-0.40369
41.0,23.34908,-0.15311,-3.36098,13.43283,-2.09962,-4.90904,-2.32223,12.42554,3.34386,12.1192,4.00968,176.15201,-0.40348
42.0,23.08637,-0.24789,-3.6802,13.00965,-2.13574,-4.61031,-2.32546,12.41622,3.35962,12.26496,3.89549,176.17683,-0.40961
43.0,22.77471,-0.36298,-4.0487,12.50762,-2.19889,-4.26726,-2.36322,12.41081,3.37355,12.39686,3.74145,176.2149,-0.4227
44.0,22.42778,-0.48244,-4.47119,11.93358,-2.29032,-3.89499,-2.43892,12.40634,3.39113,12.51835,3.5591,176.278,-0.44361
45.0,22.05516,-0.59263,-4.94302,11.28761,-2.3992,-3.5174,-2.55524,12.40095,3.41788,12.63745,3.36627,176.37877,-0.47342
46.0,21.65907,-0.69036,-5.44661,10.56878,-2.50574,-3.16253,-2.71296,12.39612,3.45747,12.75834,3.17681,176.5249,-0.51377
47.0,21.24166,-0.77971,-5.95613,9.7834,-2.58745,-2.85811,-2.90995,12.3981,3.51072,12.881,3.00007,176.71866,-0.56724
48.0,20.81443,-0.86632,-6.43936,8.95249,-2.62408,-2.63283,-3.14127,12.41726,3.57657,13.00322,2.84294,176.95729,-0.63712
49.0,20.40294,-0.95489,-6.85531,8.11653,-2.60157,-2.52188,-3.39969,12.46647,3.6561,13.12089,2.71014,177.23203,-0.72653
50.0,20.03921,-1.04895,-7.16144,7.32694,-2.51457,-2.55837,-3.67545,12.55945,3.75188,13.22868,2.60396,177.52806,-0.83715
51.0,19.74651,-1.15057,-7.33182,6.62517,-2.36642,-2.75983,-3.95942,12.70784,3.87173,13.32229,2.5246,177.8266,-0.96872
52.0,19.52891,-1.2592,-7.36656,6.02729,-2.16647,-3.11521,-4.24432,12.91679,4.02302,13.40016,2.47108,178.10751,-1.11858
53.0,19.37118,-1.369,-7.28834,5.52312,-1.92851,-3.58803,-4.52421,13.17712,4.20925,13.46459,2.44251,178.35248,-1.28006
54.0,19.24725,-1.46588,-7.13747,5.08722,-1.67402,-4.12383,-4.79356,13.4609,4.42893,13.52035,2.4383,178.54762,-1.44129
55.0,19.1358,-1.529,-6.96679,4.69584,-1.43552,-4.6592,-5.04706,13.73471,4.67707,13.57309,2.45793,178.685,-1.5895
56.0,19.02907,-1.53838,-6.83197,4.3382,-1.25198,-5.13307,-5.27722,13.98294,4.94584,13.6287,2.50137,178.76369,-1.7184
57.0,18.92917,-1.48124,-6.78132,4.01171,-1.1546,-5.49468,-5.47604,14.2089,5.22387,13.69376,2.5699,178.79019,-1.82884
58.0,18.84155,-1.35308,-6.84692,3.71466,-1.15108,-5.70774,-5.63828,14.41324,5.49512,13.77462,2.6659,178.77641,-1.92266
59.0,18.7732,-1.15778,-7.03424,3.45033,-1.22432,-5.75772,-5.76008,14.58331,5.74101,13.87311,2.78961,178.73457,-1.99912
60.0,18.72607,-0.91431,-7.31534,3.22678,-1.34192,-5.6625,-5.84182,14.70137,5.95067,13.97965,2.93181,178.66998,-2.05657
61.0,18.68306,-0.66589,-7.63382,3.04512,-1.46109,-5.47138,-5.89328,14.75307,6.12982,14.06867,3.06858,178.57539,-2.09443
62.0,18.61175,-0.46824,-7.92124,2.89898,-1.53949,-5.24778,-5.92841,14.73293,6.29556,14.10747,3.16932,178.4346,-2.11364
63.0,18.48604,-0.3587,-8.11472,2.78619,-1.55857,-5.04764,-5.95353,14.65232,6.46021,14.07299,3.21434,178.23314,-2.11603
64.0,18.30017,-0.33788,-8.16572,2.71187,-1.53387,-4.9054,-5.96295,14.54055,6.61739,13.96178,3.20522,177.96596,-2.1037
65.0,18.06902,-0.37087,-8.04229,2.68198,-1.50044,-4.83447,-5.94362,14.43221,6.74148,13.79105,3.16634,177.64006,-2.07856
66.0,17.82595,-0.39842,-7.73386,2.70261,-1.48857,-4.8385,-5.88056,14.34988,6.80402,13.59601,3.14226,177.27344,-2.04233
67.0,17.61493,-0.35947,-7.25477,2.78431,-1.50797,-4.90919,-5.75973,14.29747,6.78347,13.41811,3.18489,176.88733,-1.99667
68.0,17.47494,-0.21509,-6.63963,2.93823,-1.54851,-5.0278,-5.57658,14.26633,6.67515,13.28758,3.33429,176.49544,-1.94356
69.0,17.43022,0.04536,-5.93274,3.17097,-1.59213,-5.16788,-5.3378,14.24613,6.4889,13.2163,3.60919,176.1001,-1.88555
70.0,17.48909,0.41379,-5.17717,3.48493,-1.62345,-5.30597,-5.05397,14.23109,6.24551,13.20226,4.0094,175.696,-1.82547
71.0,17.64285,0.86951,-4.40762,3.87759,-1.63647,-5.42328,-4.73512,14.22339,5.9679,13.23319,4.51698,175.27472,-1.76544
72.0,17.86398,1.37955,-3.64996,4.33615,-1.63961,-5.49663,-4.39248,14.23447,5.67014,13.2864,5.09404,174.82753,-1.70557
73.0,18.11205,1.90483,-2.92726,4.83723,-1.65264,-5.50065,-4.04002,14.27658,5.35909,13.33397,5.68767,174.35071,-1.64404
74.0,18.34778,2.40876,-2.26612,5.35145,-1.69446,-5.42035,-3.69265,14.35192,5.04302,13.35415,6.24319,173.85204,-1.57938
75.0,18.54403,2.85797,-1.69545,5.84855,-1.77563,-5.25595,-3.36514,14.45197,4.73396,13.33823,6.7136,173.35118,-1.51179
76.0,18.68444,3.22155,-1.2406,6.30009,-1.89868,-5.01977,-3.07264,14.56276,4.44899,13.28643,7.0637,172.87186,-1.44225
77.0,18.75762,3.47848,-0.91815,6.68087,-2.06048,-4.73304,-2.82991,14.67146,4.2124,13.20199,7.27609,172.43175,-1.37221
78.0,18.75505,3.62483,-0.73077,6.97067,-2.2536,-4.42274,-2.64814,14.77328,4.05169,13.08927,7.35545,172.03667,-1.30467
79.0,18.67487,3.67431,-0.66242,7.15773,-2.46535,-4.11888,-2.5315,14.87224,3.989,12.95583,7.32751,171.68027,-1.24404
80.0,18.52737,3.65167,-0.67748,7.24199,-2.67547,-3.85368,-2.47723,14.97484,4.0355,12.81446,7.23247,171.34811,-1.19449
81.0,18.33414,3.5828,-0.72657,7.23449,-2.85606,-3.65855,-2.47847,15.08332,4.18969,12.68107,7.11479,171.02298,-1.15828
82.0,18.12021,3.48813,-0.75981,7.15204,-2.97913,-3.55568,-2.52663,15.1938,4.4378,12.57003,7.01255,170.68973,-1.13515
83.0,17.90621,3.38244,-0.7421,7.01109,-3.02899,-3.54852,-2.61255,15.29963,4.75504,12.49089,6.95042,170.33932,-1.12254
84.0,17.70559,3.27508,-0.65705,6.8255,-3.01052,-3.62245,-2.7272,15.39774,5.10802,12.44695,6.9364,169.97121,-1.11638
85.0,17.52368,3.16941,-0.49856,6.60575,-2.94828,-3.75577,-2.86246,15.49221,5.45821,12.43527,6.96229,169.59282,-1.1118
86.0,17.35736,3.06375,-0.2643,6.35878,-2.87612,-3.93141,-3.01206,15.59025,5.77021,12.44734,7.00871,169.21709,-1.10383
87.0,17.19984,2.95313,0.04066,6.09202,-2.82189,-4.14032,-3.17068,15.69358,6.02301,12.47254,7.0534,168.85823,-1.08811
88.0,17.04681,2.83287,0.3991,5.81637,-2.79894,-4.3765,-3.33281,15.79497,6.21389,12.50223,7.0798,168.52733,-1.06161
89.0,16.89886,2.70184,0.78107,5.54654,-2.80797,-4.63035,-3.4919,15.88223,6.35357,12.53116,7.08145,168.23036,-1.02305
90.0,16.75971,2.56303,1.14734,5.29982,-2.84154,-4.88729,-3.6412,15.94336,6.46018,12.5556,7.06183,167.96896,-0.97246
91.0,16.63393,2.42313,1.4597,5.0945,-2.8876,-5.13342,-3.77534,15.96886,6.55355,12.57125,7.03169,167.74081,-0.90992
92.0,16.52497,2.29288,1.69318,4.9488,-2.93267,-5.36302,-3.89039,15.95312,6.64894,12.57199,7.00596,167.53954,-0.83511
93.0,16.43343,2.18537,1.84111,4.87995,-2.96445,-5.58109,-3.98238,15.89487,6.75125,12.54937,6.99908,167.35477,-0.74805
94.0,16.35712,2.11369,1.91067,4.90266,-2.97452,-5.79792,-4.04551,15.79697,6.84876,12.49386,7.02015,167.17383,-0.65027
95.0,16.29474,2.0874,1.90903,5.02725,-2.9581,-6.01579,-4.0723,15.66593,6.90838,12.39868,7.07164,166.9839,-0.54519
96.0,16.25011,2.10971,1.83712,5.25958,-2.90946,-6.22609,-4.05526,15.51065,6.8784,12.26222,7.15267,166.77415,-0.43825
97.0,16.22876,2.17911,1.70407,5.59962,-2.81915,-6.43045,-3.98907,15.34156,6.70123,12.08638,7.26244,166.53702,-0.33741
98.0,16.23169,2.29087,1.53837,6.0394,-2.67805,-6.66192,-3.87297,15.17132,6.33731,11.87417,7.39891,166.27028,-0.25336
99.0,16.25344,2.43479,1.37713,6.56204,-2.48237,-6.98008,-3.71441,15.01267,5.79075,11.62876,7.55577,165.97769,-0.19682
100.0,16.28371,2.5949,1.24968,7.14315,-2.23606,-7.45209,-3.53152,14.87334,5.12396,11.35336,7.72233,165.66821,-0.17401
101.0,16.31064,2.75521,1.17039,7.75333,-1.95222,-8.12199,-3.34808,14.75652,4.43625,11.05264,7.88744,165.35393,-0.18453
102.0,16.32479,2.90564,1.13849,8.36238,-1.65289,-8.99109,-3.18553,14.66721,3.82876,10.73423,8.04381,165.04784,-0.22422
103.0,16.32145,3.04224,1.14013,8.9439,-1.36331,-10.00357,-3.05343,14.61766,3.36408,10.40837,8.18839,164.76205,-0.29102
104.0,16.29976,3.16431,1.15312,9.47526,-1.10518,-11.05721,-2.95,14.62826,3.05447,10.08519,8.32041,164.50644,-0.38989
105.0,16.2613,3.27186,1.15518,9.93313,-0.89658,-12.03873,-2.87356,14.72111,2.88261,9.77205,8.43895,164.28749,-0.53188
106.0,16.20896,3.36777,1.13336,10.29248,-0.75217,-12.85575,-2.82739,14.9048,2.82293,9.47292,8.54236,164.10699,-0.72815
107.0,16.14675,3.46059,1.08879,10.53152,-0.67617,-13.4507,-2.81268,15.16381,2.84896,9.18991,8.62888,163.96227,-0.98604
108.0,16.07842,3.55969,1.03049,10.63529,-0.65559,-13.80486,-2.82326,15.46148,2.94081,8.92441,8.69754,163.84816,-1.3097
109.0,16.00582,3.66598,0.96528,10.59551,-0.66631,-13.93216,-2.84844,15.75366,3.0895,8.67685,8.74862,163.7585,-1.70077
110.0,15.92972,3.77124,0.89899,10.41174,-0.69014,-13.86688,-2.8793,16.00775,3.28816,8.44636,8.78406,163.68594,-2.15656
111.0,15.85223,3.86675,0.84726,10.09266,-0.7246,-13.65499,-2.91284,16.21217,3.51784,8.2309,8.80721,163.62241,-2.66843
112.0,15.77833,3.95004,0.83827,9.65571,-0.77808,-13.35385,-2.95059,16.37081,3.74668,8.02784,8.82238,163.561,-3.22417
113.0,15.71518,4.02263,0.9012,9.12587,-0.85906,-13.03171,-2.99576,16.49635,3.94472,7.83442,8.8338,163.49841,-3.81343
114.0,15.67052,4.08323,1.05112,8.53503,-0.96705,-12.75454,-3.05112,16.60615,4.09468,7.64769,8.84403,163.4359,-4.42937
115.0,15.65047,4.12591,1.28339,7.92292,-1.08937,-12.56829,-3.11292,16.71456,4.18859,7.46412,8.85359,163.3774,-5.06522
116.0,15.65899,4.14393,1.57593,7.33715,-1.20557,-12.49097,-3.16627,16.82694,4.22242,7.27948,8.86208,163.32687,-5.71146
117.0,15.69832,4.13339,1.89367,6.82356,-1.29637,-12.51616,-3.19272,16.9417,4.19833,7.08987,8.86937,163.28653,-6.35644
118.0,15.76886,4.09429,2.19433,6.41189,-1.35128,-12.62074,-3.18471,17.05485,4.12765,6.89171,8.87538,163.25624,-6.98821
119.0,15.86936,4.03054,2.43585,6.11065,-1.36926,-12.77731,-3.15154,17.16011,4.03408,6.6823,8.87983,163.2338,-7.59532
120.0,15.99676,3.94956,2.58247,5.91302,-1.35477,-12.95662,-3.11078,17.24681,3.94391,6.45994,8.88194,163.21637,-8.16721
121.0,16.14656,3.86163,2.60821,5.80725,-1.31695,-13.12975,-3.0769,17.30383,3.87748,6.22431,8.88087,163.20198,-8.69536
122.0,16.31316,3.77691,2.49887,5.78605,-1.27086,-13.26642,-3.05208,17.32875,3.84031,5.97619,8.87574,163.19014,-9.17436
123.0,16.49004,3.70128,2.25342,5.84789,-1.23308,-13.33871,-3.02642,17.33017,3.82418,5.71701,8.86547,163.18227,-9.60266
124.0,16.67063,3.63448,1.88454,5.98881,-1.21182,-13.33047,-2.98733,17.31765,3.81763,5.44909,8.84892,163.18077,-9.9825
125.0,16.84967,3.57194,1.41819,6.19478,-1.2018,-13.24321,-2.92819,17.29136,3.81334,5.17652,8.82574,163.18802,-10.31894
126.0,17.02502,3.50813,0.89057,6.44419,-1.18901,-13.09261,-2.84814,17.24372,3.80762,4.90589,8.79648,163.20561,-10.61896
127.0,17.19715,3.43958,0.34082,6.71364,-1.16261,-12.89947,-2.74872,17.16958,3.79779,4.64568,8.76181,163.23537,-10.89128
128.0,17.36728,3.36687,-0.19715,6.97916,-1.12577,-12.6859,-2.63813,17.07504,3.78668,4.40405,8.72147,163.28001,-11.14513
129.0,17.53452,3.29211,-0.69672,7.21314,-1.09415,-12.4767,-2.53785,16.9773,3.78762,4.1859,8.67393,163.34279,-11.38803
130.0,17.69419,3.21359,-1.13639,7.38521,-1.08298,-12.29623,-2.47606,16.89664,3.81791,3.99244,8.61645,163.42613,-11.62623
131.0,17.83818,3.12437,-1.50008,7.46894,-1.09354,-12.14946,-2.46785,16.84521,3.87371,3.82249,8.54575,163.53105,-11.8668
132.0,17.9577,3.01524,-1.77943,7.4491,-1.10613,-12.01872,-2.50589,16.81956,3.92606,3.67498,8.46005,163.65704,-12.1176
133.0,18.04632,2.87883,-1.97474,7.3254,-1.08383,-11.86689,-2.56257,16.80093,3.92739,3.54992,8.36101,163.80202,-12.38472
134.0,18.10207,2.71348,-2.09392,7.1106,-0.98931,-11.65965,-2.6052,16.76467,3.83666,3.44791,8.25398,163.96323,-12.67034
135.0,18.12836,2.52392,-2.14967,6.82655,-0.80694,-11.38233,-2.61196,16.69582,3.63668,3.36831,8.14464,164.13792,-12.97173
136.0,18.13409,2.31879,-2.15521,6.50448,-0.55717,-11.06247,-2.58167,16.60322,3.35595,3.30832,8.03568,164.32283,-13.28196
137.0,18.13146,2.10649,-2.12252,6.18469,-0.29582,-10.76737,-2.52862,16.52511,3.06599,3.26465,7.92549,164.51381,-13.59134
138.0,18.13075,1.89305,-2.0638,5.90813,-0.09244,-10.57429,-2.47248,16.51362,2.85248,3.23498,7.80942,164.70692,-13.88718
139.0,18.13774,1.68394,-1.99028,5.70587,0.00088,-10.53408,-2.43171,16.60347,2.77659,3.21777,7.6812,164.89925,-14.15175
140.0,18.15573,1.48753,-1.90989,5.59388,-0.03253,-10.65423,-2.42425,16.79029,2.85621,3.21218,7.53411,165.0892,-14.36037
141.0,18.18815,1.31358,-1.83088,5.57194,-0.17154,-10.89594,-2.47049,17.02858,3.07091,3.2193,7.36168,165.27654,-14.48092
142.0,18.23796,1.16598,-1.76884,5.62666,-0.36962,-11.18607,-2.59573,17.25082,3.38785,3.24218,7.15841,165.46179,-14.47591
143.0,18.30714,1.04007,-1.74653,5.74013,-0.58241,-11.44954,-2.83069,17.40065,3.79866,3.28527,6.92105,165.6454,-14.3086
144.0,18.39646,0.93002,-1.78734,5.896,-0.79,-11.63293,-3.20759,17.45152,4.33221,3.35294,6.64932,165.82755,-13.95041
145.0,18.50452,0.83731,-1.90946,6.07935,-0.99973,-11.70473,-3.75359,17.40247,5.0356,3.44757,6.34717,166.00812,-13.38489
146.0,18.62642,0.77035,-2.12311,6.27429,-1.23771,-11.63289,-4.48127,17.26979,5.93074,3.56813,6.02346,166.18687,-12.60774
147.0,18.75472,0.73581,-2.43154,6.46337,-1.53328,-11.37442,-5.38382,17.08071,6.98534,3.70986,5.69163,166.36346,-11.62762
148.0,19.792104226078745,-0.0963706997665354,-1.8449695248489097,6.963150185637357,-1.5680791007926893,-11.085678028692719,-5.3659871414857205,17.629687404468967,6.692416367432786,4.480587684917648,5.450510324584224,99.83374953442721,-2.11414204410406
149.0,20.505370249489538,-0.6754451269347818,-1.250729623943619,7.222541944253372,-1.4771267441279403,-11.030721549712974,-4.950208351622338,18.050875831051027,5.988462265971352,4.985728916310827,5.4252759316565555,50.21972288533635,4.091620495948917
150.0,21.148296181933556,-1.1393457027353522,-0.7828771486922186,7.43904446857959,-1.4926869249754606,-10.964476713822155,-4.801863707839304,18.256455505088724,5.591436109673277,5.4478374318026725,5.346160359152592,7.166060157496986,9.022438024001268
151.0,21.57084,-1.3202,-0.68668,7.57574,-1.74882,-10.83377,-5.32496,18.01137,6.01028,5.77475,5.12509,-16.23238,10.99759
152.0,21.71874,-1.16549,-1.05193,7.62764,-2.29107,-10.55112,-6.63232,17.24381,7.36328,5.93571,4.74513,-15.97951,9.55599
153.0,21.83084,-0.98499,-1.48025,7.68496,-2.87832,-9.92696,-7.92151,16.39557,8.52379,6.08533,4.40632,-15.70535,7.95177
154.0,21.90945,-0.83236,-1.90898,7.75586,-3.42905,-8.89079,-9.02964,15.55774,9.17281,6.21557,4.12677,-15.41278,6.32471
155.0,21.97281,-0.751,-2.24297,7.88264,-3.85328,-7.48388,-9.80367,14.84602,9.07821,6.32264,3.91988,-15.1062,4.83927
156.0,22.0487,-0.76069,-2.37965,8.13312,-4.08878,-5.87726,-10.14997,14.36963,8.2045,6.40816,3.79152,-14.79071,3.63105
157.0,22.16572,-0.8516,-2.2374,8.5691,-4.12431,-4.33432,-10.0595,14.1726,6.73663,6.47859,3.73904,-14.47085,2.75978
158.0,22.34263,-0.99464,-1.77584,9.21001,-3.98462,-3.13534,-9.60278,14.20098,5.00284,6.54411,3.75228,-14.14913,2.20355
159.0,22.57974,-1.15771,-1.00832,10.01701,-3.70464,-2.49728,-8.90754,14.34947,3.3476,6.61664,3.81558,-13.82475,1.8935
160.0,22.85866,-1.31635,-0.00483,10.90567,-3.31921,-2.5213,-8.12197,14.52891,2.03036,6.70794,3.91065,-13.4931,1.75253
161.0,23.14447,-1.45874,1.11556,11.77225,-2.86367,-3.17906,-7.3741,14.68327,1.19003,6.82754,4.0197,-13.14625,1.714
162.0,23.39132,-1.5836,2.19403,12.52031,-2.38099,-4.32293,-6.74522,14.77799,0.8564,6.9813,4.12842,-12.77405,1.72633
163.0,23.55599,-1.69237,3.04716,13.08355,-1.92887,-5.7124,-6.26252,14.79646,0.97192,7.17151,4.22761,-12.36705,1.75427
164.0,23.6165,-1.78442,3.5035,13.44041,-1.57106,-7.06408,-5.90942,14.74265,1.41394,7.39787,4.31312,-11.9206,1.77789
165.0,23.58405,-1.8577,3.45463,13.61408,-1.35601,-8.11791,-5.64627,14.6382,2.02345,7.65789,4.38397,-11.43834,1.78877
166.0,23.49845,-1.90949,2.89314,13.65749,-1.30114,-8.69717,-5.42872,14.51338,2.63762,7.94721,4.44035,-10.93386,1.78573
167.0,23.40965,-1.9365,1.91853,13.63171,-1.39049,-8.74435,-5.21818,14.39634,3.12046,8.25961,4.48279,-10.42945,1.77166
168.0,23.35874,-1.93845,0.70478,13.58869,-1.58164,-8.31975,-4.9879,14.3056,3.38786,8.58753,4.51241,-9.95193,1.7509
169.0,23.36846,-1.92155,-0.553,13.56381,-1.81808,-7.56852,-4.72723,14.24734,3.42125,8.92257,4.53085,-9.52801,1.72719
170.0,23.443,-1.89566,-1.68524,13.5749,-2.04326,-6.67549,-4.44199,14.21629,3.26332,9.25704,4.54064,-9.18058,1.70278
171.0,23.57308,-1.86876,-2.57575,13.62621,-2.2126,-5.82241,-4.14871,14.19924,2.99761,9.58503,4.54476,-8.92482,1.67856
172.0,23.74192,-1.8449,-3.17223,13.71438,-2.29966,-5.15191,-3.86604,14.17972,2.71931,9.90151,4.54546,-8.7649,1.6547
173.0,23.92979,-1.8253,-3.48113,13.83202,-2.29705,-4.74456,-3.60734,14.14352,2.50795,10.20173,4.54353,-8.69405,1.63137
174.0,24.1174,-1.81041,-3.55287,13.96773,-2.21569,-4.61228,-3.37856,14.08436,2.41044,10.48211,4.53803,-8.69753,1.60909
175.0,24.28798,-1.80019,-3.46436,14.10524,-2.08261,-4.70642,-3.17972,14.00699,2.43635,10.74162,4.5272,-8.75628,1.58851
176.0,24.42787,-1.79463,-3.30149,14.22507,-1.93383,-4.93464,-3.00635,13.92458,2.55998,10.98151,4.5092,-8.84999,1.57041
177.0,24.52611,-1.79531,-3.14474,14.30731,-1.80369,-5.18325,-2.85093,13.85175,2.72928,11.20399,4.48153,-8.95857,1.55557
178.0,24.57483,-1.8054,-3.05924,14.33531,-1.71742,-5.34434,-2.70608,13.79815,2.88444,11.41085,4.44051,-9.06348,1.5442
179.0,24.57122,-1.82747,-3.08909,14.29849,-1.68964,-5.34119,-2.56792,13.7664,2.97951,11.60363,4.38228,-9.15014,1.53573
180.0,24.51728,-1.86206,-3.25681,14.19199,-1.72511,-5.14254,-2.43792,13.75284,2.99672,11.78395,4.30394,-9.20922,1.52946
181.0,24.41802,-1.91017,-3.56649,14.0149,-1.81891,-4.76294,-2.32283,13.75008,2.94835,11.95358,4.20325,-9.23483,1.52516
182.0,24.27974,-1.9761,-4.0058,13.7689,-1.95637,-4.25254,-2.23283,13.74972,2.86713,12.11444,4.07824,-9.22199,1.52321
183.0,24.10941,-2.06732,-4.54633,13.45712,-2.11411,-3.6812,-2.1789,13.74407,2.79039,12.26889,3.92791,-9.16551,1.52426
184.0,23.91333,-2.19131,-5.14531,13.08285,-2.26406,-3.12272,-2.16964,13.72722,2.74577,12.41973,3.75358,-9.0602,1.52918
185.0,23.69293,-2.35091,-5.75217,12.64712,-2.3799,-2.64034,-2.20823,13.69546,2.74291,12.56895,3.55956,-8.9023,1.5393
186.0,23.44056,-2.54166,-6.32029,12.14662,-2.44337,-2.27498,-2.29077,13.64738,2.77277,12.71582,3.35275,-8.69021,1.55654
187.0,23.14289,-2.75357,-6.82093,11.57657,-2.44715,-2.03789,-2.40731,13.58419,2.81349,12.85701,3.14123,-8.42417,1.58328
188.0,22.79,-2.97509,-7.24856,10.93774,-2.3931,-1.91376,-2.54484,13.50998,2.84056,12.98826,2.93334,-8.10693,1.62208
189.0,22.37978,-3.19518,-7.60479,10.23945,-2.28808,-1.8842,-2.69152,13.43183,2.83821,13.10537,2.73698,-7.74564,1.67473
190.0,21.91709,-3.40397,-7.87381,9.4984,-2.1414,-1.95831,-2.83976,13.36066,2.80904,13.2053,2.5589,-7.35285,1.74129
191.0,21.41538,-3.59229,-8.02779,8.73916,-1.96842,-2.17002,-2.98697,13.31136,2.77759,13.28741,2.40434,-6.94566,1.81919
192.0,20.8993,-3.7503,-8.05846,7.99337,-1.79375,-2.53764,-3.13467,13.29943,2.77854,13.35411,2.27732,-6.54345,1.90298
193.0,20.40258,-3.86828,-7.99062,7.29454,-1.64236,-3.04198,-3.28869,13.33263,2.84485,13.41065,2.18096,-6.16619,1.98503
194.0,19.95974,-3.94019,-7.86996,6.66914,-1.52694,-3.62685,-3.45739,13.40667,2.99278,13.46431,2.11765,-5.83267,2.05654
195.0,19.59714,-3.96632,-7.74904,6.13001,-1.44607,-4.2171,-3.65045,13.50875,3.2219,13.52293,2.08865,-5.55763,2.109
196.0,19.32599,-3.9532,-7.67665,5.67442,-1.3912,-4.73961,-3.87538,13.62496,3.52028,13.5925,2.09304,-5.34935,2.13672
197.0,19.13939,-3.91128,-7.68729,5.28804,-1.3526,-5.14077,-4.12973,13.74523,3.86591,13.67451,2.12722,-5.20894,2.14159
198.0,19.01772,-3.85303,-7.79359,4.95466,-1.32115,-5.39461,-4.39434,13.86486,4.22487,13.76515,2.18447,-5.1313,2.13643
199.0,18.9375,-3.79138,-7.98561,4.66363,-1.28858,-5.5021,-4.6399,13.98149,4.55893,13.85692,2.25578,-5.10702,2.13866
200.0,18.87507,-3.73621,-8.23615,4.40718,-1.24839,-5.48587,-4.84377,14.08919,4.84065,13.9413,2.33257,-5.12463,2.1574
201.0,18.80616,-3.68929,-8.50932,4.17506,-1.1984,-5.3818,-4.99603,14.1789,5.05885,14.0119,2.40991,-5.17253,2.18979
202.0,18.70984,-3.64293,-8.76675,3.95669,-1.14161,-5.23119,-5.09345,14.24692,5.21321,14.06662,2.48846,-5.24147,2.22837
203.0,18.57679,-3.58481,-8.96947,3.74744,-1.08267,-5.07589,-5.13611,14.29934,5.30852,14.10768,2.57448,-5.32704,2.26777
204.0,18.41319,-3.50342,-9.08204,3.55047,-1.02479,-4.95224,-5.12849,14.34789,5.35178,14.14004,2.67745,-5.43026,2.30595
205.0,18.23713,-3.39088,-9.07796,3.37553,-0.9687,-4.88527,-5.07824,14.40291,5.35018,14.16905,2.80693,-5.55586,2.34278
206.0,18.07164,-3.24434,-8.94163,3.23863,-0.91042,-4.8869,-4.99178,14.467,5.31038,14.19847,2.97099,-5.71036,2.37775
207.0,17.93579,-3.06389,-8.66898,3.15672,-0.84086,-4.95644,-4.87197,14.5329,5.23881,14.2295,3.17632,-5.90083,2.40871
208.0,17.83982,-2.8475,-8.26959,3.14327,-0.7509,-5.08012,-4.71777,14.59051,5.14104,14.26056,3.42918,-6.13349,2.43337
209.0,17.78505,-2.58893,-7.76521,3.20646,-0.638,-5.23419,-4.52744,14.63539,5.02247,14.2867,3.73507,-6.41306,2.45045
210.0,17.76695,-2.27948,-7.18333,3.34741,-0.51138,-5.39382,-4.30496,14.66978,4.89306,14.30024,4.09681,-6.74344,2.45808
211.0,17.77878,-1.91096,-6.55123,3.56196,-0.39282,-5.53942,-4.06047,14.69968,4.76825,14.29301,4.51236,-7.12851,2.45255
212.0,17.81667,-1.48251,-5.89377,3.84874,-0.30696,-5.65416,-3.80247,14.73026,4.66139,14.25947,4.97308,-7.57103,2.42871
213.0,17.88416,-1.00772,-5.233,4.21441,-0.26763,-5.71913,-3.5329,14.75986,4.57451,14.19802,5.46332,-8.07047,2.3811
214.0,17.98992,-0.51456,-4.58753,4.66759,-0.27386,-5.71596,-3.25009,14.77698,4.4976,14.10995,5.96097,-8.6217,2.30523
215.0,18.13444,-0.03656,-3.9737,5.20208,-0.31808,-5.63268,-2.95431,14.7634,4.41661,13.9984,6.43867,-9.21473,2.19846
216.0,18.30014,0.39563,-3.40915,5.78794,-0.39422,-5.46378,-2.65083,14.70428,4.32241,13.86741,6.86659,-9.83572,2.06109
217.0,18.4607,0.75572,-2.91311,6.38325,-0.4982,-5.20967,-2.34988,14.60052,4.21535,13.72171,7.21659,-10.46893,1.89889
218.0,18.59458,1.02136,-2.50349,6.94949,-0.62543,-4.87881,-2.06471,14.47512,4.1056,13.56669,7.46751,-11.09891,1.72455
219.0,18.68843,1.17872,-2.19195,7.4554,-0.77016,-4.48875,-1.80992,14.36451,4.01172,13.40856,7.61086,-11.71399,1.55429
220.0,18.73692,1.22877,-1.97612,7.87676,-0.92527,-4.06468,-1.59982,14.30045,3.95676,13.25491,7.65464,-12.31108,1.4012
221.0,18.7394,1.18973,-1.83407,8.19353,-1.08314,-3.63871,-1.44654,14.29885,3.96144,13.11507,7.62193,-12.89646,1.27177
222.0,18.69574,1.09445,-1.72749,8.3871,-1.23776,-3.24759,-1.35802,14.35998,4.03569,12.99949,7.54495,-13.47989,1.16719
223.0,18.60538,0.98174,-1.61098,8.44257,-1.38383,-2.92706,-1.33601,14.47343,4.17318,12.91776,7.45748,-14.0672,1.08615
224.0,18.46866,0.88521,-1.44538,8.35409,-1.51597,-2.7035,-1.3758,14.62551,4.35357,12.87611,7.3881,-14.65611,1.02681
225.0,18.28852,0.82531,-1.21169,8.12792,-1.6332,-2.58909,-1.46961,14.80532,4.55342,12.87556,7.35448,-15.23439,0.98662
226.0,18.07386,0.80564,-0.9164,7.78428,-1.74102,-2.5823,-1.61019,15.00273,4.75563,12.91198,7.36027,-15.78146,0.96059
227.0,17.83917,0.81492,-0.58085,7.35565,-1.84609,-2.67227,-1.78921,15.2023,4.94863,12.97714,7.39591,-16.27488,0.94133
228.0,17.59805,0.83458,-0.22469,6.88011,-1.95112,-2.84538,-1.99366,15.3818,5.12189,13.05979,7.44412,-16.69832,0.92046
229.0,17.36017,0.84421,0.14087,6.39761,-2.05316,-3.08844,-2.20519,15.5158,5.26592,13.14692,7.48643,-17.04573,0.88947
230.0,17.13307,0.82805,0.50799,5.94994,-2.14556,-3.38564,-2.40107,15.58274,5.37232,13.22534,7.51002,-17.32091,0.84098
231.0,16.9234,0.78327,0.86453,5.5788,-2.22463,-3.71383,-2.55629,15.5721,5.43271,13.28341,7.51182,-17.53536,0.77022
232.0,16.73652,0.72351,1.19012,5.32048,-2.29486,-4.04282,-2.64893,15.48708,5.44038,13.31233,7.49923,-17.70622,0.675
233.0,16.57496,0.67407,1.46118,5.19918,-2.36922,-4.3439,-2.66829,15.34335,5.39283,13.30546,7.48714,-17.8546,0.5539
234.0,16.43486,0.66395,1.66323,5.21854,-2.46637,-4.60462,-2.62286,15.16169,5.29286,13.25754,7.49273,-18.00344,0.40273
235.0,16.30384,0.71789,1.80023,5.35859,-2.60266,-4.83853,-2.54096,14.95738,5.14747,13.16462,7.53018,-18.17463,0.21242
236.0,16.16845,0.84708,1.88908,5.58904,-2.78103,-5.06697,-2.45864,14.7383,4.95384,13.02401,7.60718,-18.38608,-0.02838
237.0,16.02637,1.04184,1.94495,5.89016,-2.98304,-5.3048,-2.40562,14.51148,4.69935,12.83474,7.7242,-18.64915,-0.32664
238.0,15.88641,1.27496,1.97952,6.26091,-3.16999,-5.57072,-2.39522,14.28926,4.37405,12.5976,7.87631,-18.96698,-0.67759
239.0,15.75772,1.51298,2.01082,6.70965,-3.2925,-5.9011,-2.42075,14.09284,3.97605,12.31635,8.05501,-19.33396,-1.06034
240.0,15.64317,1.72496,2.06495,7.24228,-3.30314,-6.34788,-2.46063,13.95745,3.51264,11.99844,8.24977,-19.73695,-1.43719
241.0,15.54238,1.88582,2.16435,7.85453,-3.16608,-6.95675,-2.48939,13.93286,2.99964,11.65423,8.45075,-20.1583,-1.7562
242.0,15.45595,1.97732,2.31536,8.52572,-2.86336,-7.73725,-2.48704,14.06465,2.45927,11.29482,8.65039,-20.57893,-1.96029
243.0,15.38489,1.99054,2.50596,9.21597,-2.4001,-8.65297,-2.44531,14.35823,1.92977,10.93127,8.8431,-20.98052,-2.00771
244.0,15.32619,1.93192,2.71289,9.87137,-1.80922,-9.64231,-2.3748,14.76069,1.48199,10.5737,9.02437,-21.34694,-1.89416
245.0,15.27319,1.82841,2.90959,10.43682,-1.15229,-10.63633,-2.30684,15.18667,1.20457,10.2301,9.19085,-21.66552,-1.65527
246.0,15.21844,1.72156,3.07364,10.86696,-0.50879,-11.57292,-2.28471,15.56798,1.17079,9.90594,9.34084,-21.92815,-1.34315
247.0,15.15423,1.64947,3.19418,11.12768,0.04707,-12.40292,-2.34439,15.88348,1.40584,9.60512,9.47368,-22.13227,-0.99562
248.0,15.07399,1.63259,3.27384,11.19612,0.46623,-13.08964,-2.49647,16.15073,1.8715,9.3305,9.58876,-22.28088,-0.62126
249.0,14.97602,1.67243,3.32402,11.06547,0.73004,-13.60496,-2.71931,16.40004,2.47355,9.08345,9.68478,-22.38162,-0.20513
250.0,14.86609,1.75886,3.35989,10.74771,0.84487,-13.92865,-2.96808,16.65502,3.08822,8.86351,9.76034,-22.44534,0.27627
251.0,14.75562,1.87938,3.39838,10.26989,0.83226,-14.05365,-3.19208,16.92406,3.59624,8.66816,9.81504,-22.4843,0.84131
252.0,14.65817,2.02591,3.45503,9.66965,0.71779,-13.99155,-3.34965,17.19967,3.91247,8.49279,9.85061,-22.51063,1.49494
253.0,14.58718,2.19647,3.53971,8.99228,0.52285,-13.77352,-3.41553,17.46405,4.00208,8.33155,9.87084,-22.53487,2.22757
254.0,14.55468,2.39245,3.65445,8.28671,0.26223,-13.44759,-3.38226,17.69793,3.88092,8.17936,9.88043,-22.56428,3.01942
255.0,14.56917,2.61284,3.7944,7.59961,-0.05162,-13.07341,-3.25998,17.89059,3.60473,8.03279,9.884,-22.60195,3.84627
256.0,14.63253,2.84583,3.95059,6.96665,-0.39924,-12.71359,-3.07646,18.04792,3.25168,7.88947,9.8857,-22.64787,4.6844
257.0,14.73927,3.06316,4.11316,6.40669,-0.74637,-12.42335,-2.8714,18.19076,2.90117,7.74708,9.88876,-22.70087,5.51364
258.0,14.87968,3.22787,4.27088,5.92695,-1.05032,-12.2393,-2.68091,18.34259,2.61258,7.60291,9.89528,-22.75903,6.31769
259.0,15.04521,3.31132,4.40967,5.53297,-1.27626,-12.17079,-2.52375,18.51779,2.41057,7.45399,9.90591,-22.81978,7.08408
260.0,15.23018,3.30181,4.51448,5.22934,-1.40363,-12.2031,-2.40326,18.71822,2.28767,7.2973,9.92012,-22.88044,7.80447
261.0,15.43051,3.20539,4.56973,5.0144,-1.42404,-12.30952,-2.31825,18.93201,2.22232,7.13046,9.93659,-22.93841,8.47404
262.0,15.64257,3.0461,4.5573,4.88267,-1.34518,-12.45951,-2.26546,19.13585,2.1951,6.95251,9.95344,-22.99125,9.08929
263.0,15.86257,2.85846,4.45885,4.82987,-1.19331,-12.62525,-2.23813,19.30477,2.1967,6.76451,9.96823,-23.036,9.64635
264.0,16.08525,2.67283,4.26204,4.85153,-1.00433,-12.78171,-2.22635,19.42113,2.2228,6.56932,9.97763,-23.06807,10.1407
265.0,16.30568,2.50867,3.96501,4.93975,-0.81313,-12.91301,-2.22306,19.47611,2.27467,6.37119,9.97827,-23.08118,10.56816
266.0,16.5213,2.37368,3.57891,5.08291,-0.64635,-13.01062,-2.22384,19.47005,2.35152,6.17535,9.96771,-23.0685,10.92728
267.0,16.73059,2.26265,3.13047,5.26444,-0.51593,-13.07323,-2.224,19.41369,2.44439,5.98816,9.94496,-23.02393,11.22255
268.0,16.92897,2.1587,2.6623,5.45968,-0.41658,-13.11334,-2.21998,19.3264,2.54119,5.81674,9.91036,-22.94329,11.46567
269.0,17.10796,2.03955,2.22637,5.6384,-0.33011,-13.15092,-2.20924,19.23294,2.62733,5.66764,9.86479,-22.82549,11.67422
270.0,17.26044,1.88771,1.86473,5.77379,-0.23675,-13.19941,-2.19229,19.15678,2.69141,5.54513,9.80877,-22.67216,11.86697
271.0,17.38866,1.70115,1.5871,5.85285,-0.13048,-13.2459,-2.1732,19.11139,2.72867,5.45081,9.74202,-22.48634,12.05664
272.0,17.50668,1.49543,1.3695,5.87889,-0.02498,-13.25303,-2.15809,19.09576,2.74174,5.38444,9.66328,-22.27119,12.24695
273.0,17.63246,1.29212,1.17548,5.86453,0.05619,-13.17966,-2.15026,19.09964,2.73422,5.34395,9.56961,-22.02896,12.43684
274.0,17.77895,1.10615,0.97601,5.82448,0.09387,-12.9983,-2.14712,19.11151,2.70576,5.32531,9.4566,-21.76114,12.62508
275.0,17.95108,0.94211,0.75913,5.77274,0.08008,-12.70356,-2.14127,19.12392,2.65443,5.32409,9.31973,-21.47076,12.811
276.0,18.14519,0.79454,0.53534,5.72009,0.01896,-12.31629,-2.12337,19.13691,2.57959,5.33794,9.15557,-21.16323,12.99343
277.0,18.34858,0.64804,0.33794,5.6722,-0.07497,-11.88266,-2.08494,19.15689,2.48107,5.36663,8.96089,-20.84436,13.16869
278.0,18.54556,0.48297,0.20702,5.63306,-0.18424,-11.45599,-2.02091,19.19018,2.35729,5.41102,8.73161,-20.51869,13.3279
279.0,18.72802,0.2836,0.16352,5.61195,-0.29533,-11.0767,-1.93507,19.23496,2.21457,5.47262,8.46308,-20.18983,13.4551
280.0,18.8977,0.0415,0.19962,5.62237,-0.39758,-10.75841,-1.8409,19.27782,2.06715,5.55372,8.15199,-19.86142,13.5275
281.0,19.06253,-0.24353,0.28583,5.67711,-0.48277,-10.49523,-1.76266,19.29491,1.94062,5.6574,7.79731,-19.53703,13.51662
282.0,19.23295,-0.56081,0.37858,5.78596,-0.54954,-10.26799,-1.7361,19.25384,1.87443,5.78648,7.40077,-19.21949,13.38707
283.0,19.41827,-0.89041,0.42866,5.95426,-0.60445,-10.04849,-1.80691,19.11364,1.92256,5.94207,6.96669,-18.91083,13.0956
284.0,19.62401,-1.20895,0.39118,6.18031,-0.66017,-9.80714,-2.02266,18.83068,2.15041,6.12238,6.50177,-18.61259,12.59966
285.0,19.84874,-1.49481,0.23277,6.45103,-0.7353,-9.51819,-2.41966,18.3717,2.62295,6.32285,6.01537,-18.326,11.87232
286.0,20.0823,-1.73086,-0.06289,6.73992,-0.857,-9.15632,-3.01577,17.72668,3.38381,6.53637,5.51974,-18.05258,10.90852
287.0,20.30511,-1.90609,-0.49073,7.00933,-1.06117,-8.68524,-3.80572,16.91795,4.42204,6.75357,5.03046,-17.79453,9.72318
