frame,time,Gastrocnemius Medialis,Tibialis Anterior,Soleus,Vastus Medialis,Vastus Lateralis,Rectus Femoris,Biceps Femoris,Semitendinosus,Gracilis,Gluteus Medius,External Oblique
0.0,12.6226,0.123572,0.113513,0.132489,0.0,0.0,0.106691,0.0,0.114262,0.0,0.494396,0.18111
1.0,12.6559,0.196776,0.0159672,0.115633,0.0,0.0,0.015533,0.0,0.296385,0.0432406,0.591329,0.122221
2.0,12.6893,0.0610227,0.102009,0.270355,0.0745281,0.215698,0.000690487,0.0518134,0.0814247,0.0,0.423872,0.136767
3.0,12.7226,0.134944,0.295985,0.0136314,0.0190274,0.0600693,0.0491583,0.0,0.0663118,0.0,0.484942,0.0
4.0,12.7559,0.295588,0.272948,0.10672,0.0113293,0.0387808,0.255203,0.0,0.022754,0.0,0.405532,0.0
5.0,12.7893,0.373682,0.363399,0.188964,0.0360898,0.104871,0.483077,0.0,0.0,0.00515682,0.319928,0.0
6.0,12.8226,0.463792,0.447,0.258874,0.0516732,0.132412,0.673983,0.0,0.0,0.12195,0.427725,0.0
7.0,12.8559,0.565631,0.458835,0.366471,0.0458129,0.104181,0.70986,0.0,0.0,0.180106,0.500989,0.0375564
8.0,12.8893,0.690097,0.450666,0.554981,0.0487532,0.10563,0.710595,0.0,0.0,0.155495,0.555778,0.0
9.0,12.9226,0.661794,0.206873,0.410309,0.0370011,0.0642799,0.630983,0.0,0.138129,0.0963344,0.465456,0.0469775
10.0,12.9559,0.0233441,0.0,0.0775625,0.037689,0.115413,0.0,0.0738761,0.0,0.0,0.298535,0.176882
11.0,12.9893,0.363964,0.0,0.383657,0.0,0.0121532,0.292784,0.0,0.0100596,0.0201468,0.343339,0.0
12.0,13.0226,0.430702,0.0,0.195682,0.0029635,0.0501853,0.155739,0.0,0.000455976,0.0,0.404669,0.0586227
13.0,13.0559,0.602859,0.0,0.351644,0.0355722,0.180504,0.165374,0.0,0.00500718,0.0,0.646384,0.0
14.0,13.0893,0.0,0.0180787,0.0,0.0,0.0812781,0.0113903,0.0,0.0159766,0.0,0.274393,0.2325
15.0,13.1226,0.0,0.0400832,0.0,0.0,0.112288,0.191616,0.0,0.0,0.018096,0.0832305,0.0788666
16.0,13.1559,0.0,0.0461384,0.0,0.0,0.0306963,0.227344,0.0,0.0,0.0132686,0.136503,0.0617924
17.0,13.1893,0.0,0.0709867,0.0,0.0,0.00404294,0.0111339,0.00890302,0.0,0.021659,0.0500935,0.0516369
18.0,13.2226,0.0,0.200563,0.0,0.0,0.0,0.0,0.0196302,0.0,0.0997282,0.157622,0.0710124
19.0,13.2559,0.0,0.528465,0.0,0.0,0.0,0.0,0.232284,0.0,0.394242,0.0,0.0698753
20.0,13.2893,0.0,0.542237,0.0,0.0,0.0,0.0,0.108367,0.0260117,0.354633,0.00344465,0.0458458
21.0,13.3226,0.01545,0.65091,0.0,0.0,0.0,0.0,0.076803,0.169824,0.490275,0.0,0.0595025
22.0,13.3559,0.0456085,0.565297,0.0,0.0,0.0,0.0,0.135176,0.281874,0.461655,0.0,0.0473738
23.0,13.3893,0.0405765,0.340168,0.0,0.0,0.0,0.0,0.209145,0.36296,0.299142,0.0275602,0.0
24.0,13.4226,0.0349062,0.157592,0.0,0.0,0.0,0.0,0.300926,0.380032,0.137932,0.0772273,0.0249646
25.0,13.4559,0.0,0.91977,0.0,0.0,0.0,0.0,0.299446,0.1768,0.0,0.274532,0.102269
26.0,13.4893,0.0,0.961261,0.0,0.168529,0.457326,0.0573302,0.160467,0.159734,0.0,0.547888,0.547268
27.0,13.5226,0.0,0.743003,0.0,0.0518522,0.19437,0.00881456,0.0,0.0229678,0.0,0.0871278,0.0
28.0,13.5559,0.0240485,0.283122,0.0791717,0.0290646,0.107537,0.00240175,0.0935704,0.0840947,0.0,0.141834,0.114811
29.0,13.5893,0.142173,0.112424,0.0,0.0170984,0.0568819,0.00611869,0.00884866,0.0,0.0,0.0163071,0.0772279
30.0,13.6226,0.100019,0.0822608,0.0,0.0,0.0,0.0,0.0747859,0.103194,0.0317237,0.10704,0.0829384
31.0,13.6559,0.0278676,0.0,0.0,0.0211379,0.0724941,0.0153101,0.0479285,0.0830971,0.0,0.279139,0.13344
32.0,13.6893,0.0,0.0,0.00780618,0.019917,0.0623172,0.0490587,0.0265109,0.106816,0.0,0.48505,0.113948
33.0,13.7226,0.133692,0.0268101,0.110464,0.0,0.00204013,0.111467,0.0,0.110102,0.0,0.506485,0.151752
34.0,13.7559,0.255992,0.135917,0.153414,0.0,0.0,0.0108812,0.0,0.29609,0.0503897,0.558667,0.154447
35.0,13.7893,0.0749241,0.152774,0.245363,0.0734285,0.212497,0.00235266,0.0402114,0.0810321,0.0,0.434075,0.132111
36.0,13.8226,0.140798,0.327287,0.0114584,0.0228027,0.0723178,0.0489016,0.0,0.0681388,0.0,0.490134,0.0
37.0,13.8559,0.288311,0.315653,0.108504,0.0116016,0.0395867,0.245021,0.0,0.0235852,0.0,0.400874,0.0
38.0,13.8893,0.376408,0.385335,0.188556,0.0354719,0.10385,0.486779,0.0,0.0,0.00525238,0.319076,0.0
39.0,13.9226,0.324164,0.0,0.012437,0.074246,0.185093,0.611509,0.0,0.0,0.0768424,0.376592,0.118729
40.0,13.9559,0.551934,0.445291,0.33433,0.042715,0.101163,0.691966,0.0,0.0,0.162423,0.47634,0.0
41.0,13.9893,0.684072,0.458743,0.552244,0.0528339,0.113432,0.734891,0.0,0.0,0.164762,0.593066,0.0
42.0,14.0226,0.697762,0.44708,0.515263,0.0286045,0.04501,0.654053,0.0,0.155932,0.0999834,0.552386,0.00294907
43.0,14.0559,0.0655059,0.139577,0.18989,0.0373144,0.116594,0.0,0.0885582,0.0,0.00200148,0.330794,0.181083
44.0,14.0893,0.299096,0.245138,0.474983,0.0,0.0,0.292595,0.0,0.0266919,0.0312101,0.353487,0.0
45.0,14.1226,0.434486,0.0,0.303787,0.0,0.0388819,0.147615,0.0,0.00297391,0.0,0.397755,0.0314534
46.0,14.1559,0.493268,0.0,0.247927,0.0288742,0.158742,0.1255,0.0,0.0,0.0,0.529504,0.0391217
47.0,14.1893,0.0,0.0154194,0.0,0.0,0.0795803,0.0219421,0.0,0.0203889,0.0,0.286109,0.241146
48.0,14.2226,0.0,0.028034,0.0,0.0,0.103141,0.16105,0.0,0.0,0.00771539,0.0884671,0.0909904
49.0,14.2559,0.0,0.0291408,0.0,0.0,0.023677,0.188127,0.0,0.0,0.0144016,0.0979148,4.08329e-05
50.0,14.2893,0.0,0.0503568,0.0,0.0,0.00316533,0.0112941,0.00609908,0.0,0.0193437,0.0676425,0.0565453
51.0,14.3226,0.0,0.19326,0.0,0.0,0.0,0.0,0.01872,0.0,0.100357,0.152335,0.0762591
52.0,14.3559,0.0,0.493892,0.0,0.0,0.0,0.0,0.247555,0.0,0.375154,0.0,0.0887316
53.0,14.3893,0.0,0.552717,0.0,0.0,0.0,0.0,0.110798,0.0440185,0.371931,0.00270999,0.0461025
54.0,14.4226,0.0118049,0.646307,0.0,0.0,0.0,0.0,0.0858938,0.185213,0.49262,0.0,0.0579686
55.0,14.4559,0.0409276,0.544672,0.0,0.0,0.0,0.0,0.136533,0.281607,0.448077,0.0,0.0410506
56.0,14.4893,0.0361342,0.320251,0.0,0.0,0.0,0.0,0.195165,0.348542,0.278682,0.0337045,0.0
57.0,14.5226,0.0340975,0.155947,0.0,0.0,0.0,0.0,0.292561,0.367594,0.134616,0.0764016,0.0189725
58.0,14.5559,0.0,0.916854,0.0,0.0,0.0,0.0,0.292753,0.173954,0.0,0.27365,0.102507
59.0,14.5893,0.0,0.963622,0.0,0.0582599,0.213229,0.0,0.104882,0.0503966,0.0,0.0560911,0.0
60.0,14.6226,0.0,0.801306,0.0,0.058683,0.215534,0.0168639,0.0,0.0135746,0.0,0.0803614,0.0
61.0,14.6559,0.00887722,0.298297,0.0779661,0.0230255,0.0889176,0.00166346,0.0905526,0.0793981,0.0,0.142066,0.0857875
62.0,14.6893,0.104828,0.171787,0.00338632,0.0138321,0.0491215,0.0219009,0.0,0.0,0.0,0.0013806,0.0616295
63.0,14.7226,0.162011,0.17371,0.0,0.0,0.0,0.0,0.00729055,0.109801,0.0838027,0.0316429,0.0395545
64.0,14.7559,0.0308903,0.0,0.0,0.0101517,0.0342216,0.0103433,0.0434003,0.065478,0.0,0.246477,0.0858803
65.0,14.7893,0.0,0.0,0.00102935,0.0141959,0.047796,0.0828971,0.00396073,0.0701215,0.0,0.409863,0.0624511
66.0,14.8226,0.144557,0.129,0.13527,0.00144217,0.00669362,0.127408,0.0,0.0937156,0.0,0.483263,0.124202
67.0,14.8559,0.267114,0.17281,0.19617,0.0,0.0,0.00281256,0.0,0.258524,0.0618815,0.497511,0.146887
68.0,14.8893,0.109022,0.14638,0.266584,0.077813,0.223242,0.0,0.0723991,0.0744511,0.0,0.409603,0.195366
69.0,14.9226,0.171513,0.309444,0.0749257,0.0208629,0.0624063,0.0513442,0.0,0.0509493,0.0,0.43389,0.0
70.0,14.9559,0.334544,0.302153,0.162514,0.00830758,0.031788,0.266817,0.0,0.0167565,0.0,0.361875,0.0
71.0,14.9893,0.420654,0.378645,0.24822,0.0348397,0.100046,0.464747,0.0,0.0,0.0063165,0.295866,0.0
72.0,15.0226,0.53674,0.467282,0.366347,0.05422,0.134661,0.648733,0.0,0.0,0.116391,0.392449,0.0
73.0,15.0559,0.64284,0.465984,0.449413,0.0436984,0.100277,0.701278,0.0,0.0,0.174082,0.493539,0.00750534
74.0,15.0893,0.737993,0.308499,0.538078,0.0431259,0.0886492,0.712321,0.0,0.00942119,0.143043,0.568576,0.0
75.0,15.1226,0.692033,0.407414,0.460718,0.0310482,0.0514392,0.644734,0.0,0.165313,0.0909299,0.516371,0.00703572
76.0,15.1559,0.030036,0.0,0.0789468,0.0417903,0.131681,0.0019539,0.0722251,0.0,0.0,0.248942,0.169763
77.0,15.1893,0.292106,0.0185841,0.352889,0.0,0.0288811,0.278979,0.0,0.00550929,0.0262537,0.301327,0.0
78.0,15.2226,0.349926,0.0,0.188436,0.00442693,0.0623283,0.118934,0.0,0.00390297,0.0,0.337571,0.0284156
79.0,15.2559,0.530619,0.0,0.26682,0.0313332,0.168851,0.20433,0.0,0.0,0.0,0.61442,0.0362694
80.0,15.2893,0.0,0.0324478,0.0,0.0,0.0631338,0.0325525,0.0,0.0116331,0.0,0.153884,0.23662
81.0,15.3226,0.0,0.0312336,0.0,0.0,0.0938418,0.167244,0.0,0.0,0.0053848,0.089719,0.101891
82.0,15.3559,0.0,0.0349754,0.0,0.0,0.0284886,0.0869146,0.0,0.0,0.0,0.0609232,0.100323
83.0,15.3893,0.0,0.0394081,0.0,0.0,0.00497288,0.0112199,0.0,0.0,0.0202691,0.0971122,0.0631269
84.0,15.4226,0.0,0.188474,0.0,0.0,0.0,0.00106928,0.0177663,0.0,0.0957747,0.173007,0.0876598
85.0,15.4559,0.0,0.538539,0.0,0.0,0.0,0.0,0.222572,0.0,0.39645,0.0,0.0680852
86.0,15.4893,0.0,0.563348,0.0,0.0,0.0,0.0,0.0953454,0.057165,0.376569,0.00587669,0.048873
87.0,15.5226,0.0207238,0.646319,0.0,0.0,0.0,0.0,0.0773974,0.183039,0.491632,0.0,0.0706682
88.0,15.5559,0.0373669,0.53933,0.0,0.0,0.0,0.0,0.154539,0.294026,0.452037,0.0,0.0363232
89.0,15.5893,0.0333844,0.301892,0.0,0.0,0.0,0.0,0.207836,0.351519,0.264048,0.0339842,0.0
90.0,15.6226,0.0322195,0.145267,0.0,0.0,0.0,0.0,0.30419,0.364494,0.12638,0.0760266,0.0189853
91.0,15.6559,0.0,0.984626,0.0,0.0,0.0,0.0,0.268811,0.333186,0.0410833,0.043105,0.137405
92.0,15.6893,0.0,0.811861,0.0,0.179804,0.50589,0.0655161,0.161126,0.0767709,0.0,0.410597,0.532989
93.0,15.7226,0.0,0.690526,0.0,0.0489194,0.189508,0.0133573,0.0,0.0322003,0.0,0.115899,0.0506221
94.0,15.7559,0.0,0.294298,0.0853962,0.0171041,0.0653418,0.0,0.112859,0.080176,0.0,0.122709,0.0402047
95.0,15.7893,0.0684938,0.178966,0.028505,0.00712168,0.0264577,0.00132151,0.00962846,0.000191597,0.0,0.0370777,0.0127394
96.0,15.8226,0.121714,0.117316,0.0,0.0,0.0,0.0,0.023288,0.0700956,0.0717608,0.0205012,0.0466366
97.0,15.8559,0.00966608,0.0,0.00299249,0.00773492,0.0296668,0.00617515,0.0579202,0.0630441,0.0,0.22482,0.0997007
98.0,15.8893,0.0,0.0,0.0,0.0128755,0.0418286,0.0442026,0.0162431,0.0953685,0.0,0.437004,0.0620791
99.0,15.9226,0.0736193,0.0728778,0.109186,0.0,0.0,0.0913421,0.0,0.128724,0.0,0.50871,0.11703
100.0,15.9559,0.307035,0.0,0.0650063,0.0,0.0,0.00068516,0.0,0.290647,0.0584154,0.485179,0.174531
101.0,15.9893,0.0356703,0.0471027,0.236509,0.067085,0.197768,0.00445439,0.0421187,0.0946601,0.0,0.470062,0.105378
102.0,16.0226,0.0873072,0.317275,0.0171181,0.013311,0.049916,0.0778077,0.0,0.0648789,0.0,0.484673,0.0
103.0,16.0559,0.267097,0.240009,0.0823148,0.00988474,0.0356378,0.24755,0.0,0.0236253,0.0,0.410435,0.0
104.0,16.0893,0.340407,0.337615,0.147868,0.0340876,0.0998033,0.500402,0.0,0.0,0.00817619,0.347625,0.0
105.0,16.1226,0.424203,0.428106,0.215342,0.0522593,0.134365,0.675055,0.0,0.0,0.124181,0.432289,0.0
106.0,16.1559,0.524864,0.437647,0.334593,0.0465408,0.104659,0.712861,0.0,0.0,0.182733,0.522066,0.0163561
107.0,16.1893,0.669454,0.412049,0.537062,0.0508416,0.109796,0.708734,0.0,0.00158216,0.159956,0.54977,0.0
108.0,16.2226,0.654756,0.341867,0.462404,0.0361969,0.0623558,0.625606,0.0,0.143095,0.108327,0.45083,0.0283204
109.0,16.2559,0.00197446,0.0308459,0.0906183,0.0356183,0.103224,0.0,0.0731255,0.0,0.00022763,0.360055,0.193472
110.0,16.2893,0.231236,0.148486,0.424308,0.0,0.0,0.267811,0.0,0.0313413,0.0255126,0.372667,0.0
111.0,16.3226,0.384326,0.0,0.245582,0.0,0.0445736,0.162868,0.0,0.00196625,0.0,0.387483,0.0444703
112.0,16.3559,0.553115,0.0,0.240618,0.0266504,0.146611,0.155466,0.0,0.0,0.0,0.523754,0.0234618
113.0,16.3893,0.0,0.0115334,0.0,0.0,0.0878628,0.0100767,0.0,0.0148063,0.0,0.249051,0.227253
114.0,16.4226,0.0,0.0381439,0.0,0.0,0.107617,0.18809,0.0,0.0,0.0289943,0.0788078,0.0960863
115.0,16.4559,0.0,0.0483174,0.0,0.0,0.0446932,0.169965,0.0,0.0,0.0192099,0.0800874,0.0940042
116.0,16.4893,0.0,0.0557605,0.0,0.0,0.00727625,0.0264392,0.0,0.0,0.0161207,0.0536189,0.0551985
117.0,16.5226,0.0,0.179135,0.0,0.0,0.0,0.00940172,0.0,0.0,0.0758192,0.166508,0.0872674
118.0,16.5559,0.0,0.537786,0.0,0.0,0.0,0.0,0.226149,0.0,0.399055,0.0,0.0812041
119.0,16.5893,0.0,0.546326,0.0,0.0,0.0,0.0,0.082234,0.0130969,0.34157,0.00920426,0.0424244
120.0,16.6226,0.0264409,0.659951,0.0,0.0,0.0,0.0,0.0445861,0.156409,0.482847,0.0,0.0565086
121.0,16.6559,0.0503834,0.579394,0.0,0.0,0.0,0.0,0.115782,0.292203,0.463593,0.0,0.0434054
122.0,16.6893,0.0436776,0.352462,0.0,0.0,0.0,0.0,0.212841,0.379612,0.301343,0.0300353,0.0
123.0,16.7226,0.0352819,0.143445,0.0,0.0,0.0,0.0,0.319282,0.389275,0.116238,0.0834251,0.0
124.0,16.7559,0.0,0.927873,0.0,0.0,0.0,0.0,0.304066,0.178514,0.0,0.289243,0.12305
125.0,16.7893,0.0,0.961271,0.0,0.176632,0.475343,0.055575,0.168257,0.16944,0.0,0.552109,0.56703
126.0,16.8226,0.0,0.877643,0.0,0.0795907,0.284042,0.0677348,0.0,0.0016191,0.0,0.0649541,0.110181
127.0,16.8559,0.0595268,0.285807,0.0418782,0.0015985,0.0199177,0.0,0.142691,0.0722941,0.0,0.109502,0.0
128.0,16.8893,0.128698,0.1677,0.0,0.00665678,0.0208755,0.00378387,0.00468613,0.0,0.0,0.0,0.0688364
129.0,16.9226,0.221736,0.216325,0.0,0.0,0.0,0.0,0.0,0.0989796,0.110985,0.0,0.0363074
130.0,16.9559,0.077841,0.0201254,0.0,0.0,0.0,0.0,0.0669411,0.0577177,0.0,0.200372,0.0888291
131.0,16.9893,0.0697807,0.0,0.0,0.0150645,0.0504835,0.0982938,0.00118044,0.0507694,0.0,0.330451,0.0721156
132.0,17.0226,0.109957,0.00180675,0.0703702,0.00208771,0.00761331,0.131882,0.0,0.0868221,0.0,0.486466,0.117893
133.0,17.0559,0.276081,0.187936,0.151138,0.0,0.0,0.0158696,0.0,0.240997,0.0614571,0.465542,0.146888
134.0,17.0893,0.102548,0.186508,0.227089,0.0716061,0.210822,0.0130203,0.0,0.0577936,0.0,0.405309,0.14007
135.0,17.1226,0.185168,0.301067,0.0282238,0.0242359,0.0737205,0.124824,0.0,0.0470003,0.0,0.428228,0.0
136.0,17.1559,0.330675,0.307264,0.147712,0.0128824,0.043615,0.285457,0.0,0.0191837,0.0,0.395916,0.0
137.0,17.1893,0.425187,0.397892,0.220768,0.0380511,0.103829,0.508881,0.0,0.0,0.0230844,0.316103,0.0
138.0,17.2226,0.53164,0.489488,0.344212,0.0577558,0.146546,0.665429,0.0,0.0,0.112277,0.39646,0.0
139.0,17.2559,0.621799,0.504523,0.393882,0.0456093,0.104151,0.708394,0.0,0.0,0.167246,0.492905,0.0
140.0,17.2893,0.727267,0.53439,0.587501,0.0416549,0.0893844,0.712342,0.0,0.0,0.151622,0.56432,0.0
141.0,17.3226,0.742302,0.514916,0.547089,0.0256871,0.0427148,0.655378,0.0,0.167457,0.0836027,0.578484,0.0
142.0,17.3559,0.0974792,0.0680544,0.168541,0.0811534,0.204227,0.0,0.341038,0.0,0.0,0.40525,0.260233
143.0,17.3893,0.256227,0.182258,0.417758,0.0,0.0144568,0.257708,0.0,0.0206827,0.0235172,0.315059,0.0
144.0,17.4226,0.394767,0.0,0.260061,0.00594841,0.0655596,0.154124,0.0,0.00103275,0.0,0.379214,0.0
145.0,17.4559,0.49795,0.0,0.243779,0.032167,0.167155,0.142046,0.0,0.0,0.0,0.528225,0.0366749
146.0,17.4893,0.0,0.015265,0.0,0.0,0.0755428,0.0116466,0.0,0.020081,0.0,0.282568,0.242345
147.0,17.5226,0.0,0.0274807,0.0,0.0,0.101069,0.165951,0.0,0.0,0.00923333,0.0851036,0.100803
148.0,17.5559,0.0,0.0298555,0.0,0.0,0.0340225,0.118879,0.0,0.0,0.00371328,0.0714491,0.104167
149.0,17.5893,0.0,0.0554435,0.0,0.0,0.00193844,0.00995282,0.0116226,0.0,0.0244895,0.053078,0.0653849
150.0,17.6226,0.0,0.174568,0.0,0.0,0.0,0.003432,0.0125977,0.0,0.0828378,0.162111,0.0884918
151.0,17.6559,0.0,0.478276,0.0,0.0,0.0,0.0,0.265422,0.0,0.350639,0.0,0.0765059
152.0,17.6893,0.0,0.56963,0.0,0.0,0.0,0.0,0.127506,0.0503791,0.394961,0.000666969,0.06335
153.0,17.7226,0.0279145,0.654627,0.0,0.0,0.0,0.0,0.0918437,0.195284,0.500264,0.0,0.0173377
154.0,17.7559,0.0426454,0.546288,0.0,0.0,0.0,0.0,0.158412,0.285608,0.453217,0.0,0.0352121
155.0,17.7893,0.0381909,0.325518,0.0,0.0,0.0,0.0,0.195143,0.349502,0.277282,0.030948,0.0
156.0,17.8226,0.0344963,0.154377,0.0,0.0,0.0,0.0,0.300287,0.369155,0.136963,0.0702898,0.0294079
157.0,17.8559,0.0129039,0.100893,0.0,0.0,0.0,0.0,0.278453,0.275154,0.0665428,0.117118,0.0256599
158.0,17.8893,0.0,0.965617,0.0,0.0566999,0.202042,0.0,0.104997,0.0501842,0.0,0.0635238,0.0
159.0,17.9226,0.0,0.804162,0.0,0.0584074,0.217925,0.0252526,0.0,0.0160867,0.0,0.0870721,0.0
160.0,17.9559,0.0,0.284284,0.0835137,0.0233663,0.0920164,0.0014114,0.0902668,0.082744,0.0,0.141704,0.073732
161.0,17.9893,0.0755448,0.159128,0.0122315,0.0120901,0.0437785,0.0115355,0.0,0.0,0.0,0.0169764,0.0592197
162.0,18.0226,0.146104,0.156887,0.0,0.0,0.0,0.0,0.0109033,0.095827,0.0782323,0.0299461,0.042624
163.0,18.0559,0.0277005,0.0,0.0,0.00867389,0.0277511,0.0108624,0.0497309,0.0679422,0.0,0.248183,0.0846732
164.0,18.0893,0.0,0.0,0.00724831,0.0137114,0.0448645,0.0719479,0.00715914,0.0767532,0.0,0.421378,0.056504
165.0,18.1226,0.168197,0.117715,0.143219,0.0,1.89617e-06,0.121559,0.0,0.107906,0.0,0.497055,0.119117
166.0,18.1559,0.270375,0.182974,0.198197,0.0,0.0,0.0,0.0,0.281715,0.0689002,0.503195,0.142354
167.0,18.1893,0.0971186,0.13648,0.29842,0.0720333,0.207965,0.0,0.0637489,0.0764109,0.0,0.412836,0.158977
168.0,18.2226,0.188042,0.289413,0.0811655,0.0204341,0.0618175,0.0662183,0.0,0.0514637,0.0,0.430821,0.0
169.0,18.2559,0.337097,0.285145,0.16506,0.00890399,0.0330245,0.260367,0.0,0.0186822,0.0,0.366878,0.0
170.0,18.2893,0.417639,0.371411,0.25032,0.0353335,0.100922,0.469956,0.0,0.0,0.00889672,0.300985,0.0
171.0,18.3226,0.529102,0.461347,0.371505,0.0539744,0.136,0.652208,0.0,0.0,0.117865,0.401437,0.0
172.0,18.3559,0.618393,0.341767,0.398956,0.0428665,0.0956383,0.704252,0.0,0.0,0.170023,0.504542,0.0173226
173.0,18.3893,0.67743,0.377163,0.530641,0.0397321,0.0795493,0.708165,0.0,0.0336617,0.14576,0.574524,0.0
174.0,18.4226,0.685891,0.434533,0.499934,0.0329594,0.054247,0.647143,0.0,0.170144,0.0957681,0.517032,0.0115506
175.0,18.4559,0.00718773,0.025122,0.0994898,0.0346463,0.110706,0.0101047,0.048403,0.0,0.00319799,0.298774,0.19222
176.0,18.4893,0.304604,0.0445708,0.37185,0.0,0.0205851,0.290909,0.0,0.0140999,0.0232325,0.341885,0.0
177.0,18.5226,0.373163,0.0,0.175473,0.00447289,0.0600285,0.127628,0.0,0.00589617,0.0,0.344125,0.0758568
178.0,18.5559,0.451909,0.0,0.215073,0.0277292,0.158991,0.134567,0.0,0.0,0.0,0.539469,0.0568217
179.0,18.5893,0.0,0.0167971,0.0,0.0,0.0722917,0.0204461,0.0,0.016467,0.0,0.216288,0.239205
180.0,18.6226,0.0,0.026704,0.0,0.0,0.0950143,0.165052,0.0,0.0,0.00482771,0.0943423,0.0989822
181.0,18.6559,0.0,0.0327542,0.0,0.0,0.0284719,0.100337,0.0,0.0,0.00268522,0.0673552,0.0984349
182.0,18.6893,0.0,0.0539194,0.0,0.0,0.00076939,0.0,0.0,0.0,0.0414942,0.111319,0.000277702
183.0,18.7226,0.0,0.191506,0.0,0.0,0.0,0.000974361,0.0145313,0.0,0.0941999,0.177694,0.0873764
184.0,18.7559,0.0,0.532933,0.0,0.0,0.0,0.0,0.238217,0.0,0.40179,0.0,0.0633474
185.0,18.7893,0.0,0.568002,0.0,0.0,0.0,0.0,0.110312,0.0646385,0.39309,0.00290771,0.0540075
186.0,18.8226,0.0255774,0.641792,0.0,0.0,0.0,0.0,0.0567416,0.208782,0.480178,0.0,0.0
187.0,18.8559,0.0373202,0.526761,0.0,0.0,0.0,0.0,0.161837,0.287883,0.442624,0.0,0.0419126
188.0,18.8893,0.0350918,0.301873,0.0,0.0,0.0,0.0,0.210625,0.349323,0.261821,0.0380947,0.0
189.0,18.9226,0.0297605,0.144285,0.0,0.0,0.0,0.0,0.30242,0.364457,0.127123,0.0828973,0.0
190.0,18.9559,0.0,0.962283,0.0,0.0,0.0,0.0,0.298033,0.170632,0.00700343,0.0635438,0.118805
191.0,18.9893,0.0,0.868621,0.0,0.160482,0.471982,0.0530605,0.10283,0.0832775,0.0,0.396778,0.522065
192.0,19.0226,0.0,0.688171,0.0,0.0503589,0.190919,0.00693717,0.0,0.0302936,0.0,0.105425,0.0272427
193.0,19.0559,0.0,0.265143,0.0788874,0.0142889,0.0531811,0.0,0.109625,0.0720626,0.0,0.120407,0.0601518
194.0,19.0893,0.0974887,0.0991297,0.0190101,0.0104535,0.0371393,0.00314378,0.0020229,0.0,0.0,0.0320988,0.0612364
195.0,19.1226,0.171027,0.10813,0.0,0.0,0.0,0.0,0.0272594,0.0699,0.0598859,0.0112986,0.0573226
196.0,19.1559,0.00609136,0.0,0.0,0.0105068,0.0386271,0.00549411,0.0722268,0.0771988,0.0,0.254715,0.110142
197.0,19.1893,0.0,0.0,0.0,0.0166787,0.0535984,0.0442165,0.0170415,0.0921118,0.0,0.43744,0.0809461
198.0,19.2226,0.0964096,0.0209812,0.0949494,0.0,0.0,0.111906,0.0,0.106821,0.0,0.495617,0.124905
199.0,19.2559,0.248403,0.118028,0.149194,0.0,0.0,0.00517734,0.0,0.294993,0.055177,0.540014,0.138302
200.0,19.2893,0.0686872,0.0428218,0.236047,0.0742352,0.213395,0.00383998,0.0519133,0.0878386,0.0,0.455955,0.11847
201.0,19.3226,0.0808692,0.279452,0.0,0.0162195,0.0601204,0.0453468,0.0,0.0783328,0.0,0.495744,0.0
202.0,19.3559,0.236063,0.225355,0.0652984,0.00572572,0.0229077,0.267094,0.0,0.0246941,0.0,0.40792,0.0
203.0,19.3893,0.365044,0.335705,0.17367,0.0337626,0.0977394,0.493321,0.0,0.0,0.0118666,0.330906,0.0
204.0,19.4226,0.43859,0.42467,0.199717,0.0518508,0.132547,0.68487,0.0,0.0,0.125617,0.429816,0.0
205.0,19.4559,0.54017,0.43277,0.310131,0.0456367,0.100102,0.719464,0.0,0.0,0.18715,0.517933,0.0220068
206.0,19.4893,0.683882,0.417882,0.515337,0.0500376,0.10842,0.71087,0.0,0.0,0.163311,0.535326,0.0
207.0,19.5226,0.687768,0.407616,0.48737,0.0332112,0.0536722,0.631483,0.0,0.142729,0.111919,0.45865,0.0085875
208.0,19.5559,0.0266744,0.113185,0.137231,0.0348457,0.10938,0.0,0.0798734,0.0,0.00539503,0.3508,0.178966
209.0,19.5893,0.299953,0.0956056,0.400262,0.0,0.0,0.310371,0.0,0.0275859,0.0319709,0.335027,0.0
210.0,19.6226,0.399625,0.0,0.286007,0.0,0.0426126,0.149014,0.0,0.00353207,0.0,0.421601,0.0423654
211.0,19.6559,0.502399,0.0,0.276037,0.026473,0.154955,0.169225,0.0,0.0,0.0,0.555552,0.0143344
212.0,19.6893,0.0,0.00883878,0.0,0.0,0.0575187,0.00715314,0.00747425,0.021321,0.0,0.22768,0.253567
213.0,19.7226,0.0,0.0278778,0.0,0.0,0.105349,0.13369,0.0,0.0,0.0202813,0.049264,0.103395
214.0,19.7559,0.0,0.031185,0.0,0.0,0.044799,0.124377,0.0,0.0,0.00744957,0.0695383,0.100672
215.0,19.7893,0.0,0.0528936,0.0,0.0,0.00368763,0.0113019,0.0,0.0,0.0263718,0.0501832,0.0576255
216.0,19.8226,0.0,0.154594,0.0,0.0,0.0,0.00929721,0.0153367,0.0,0.0628504,0.176857,0.107973
217.0,19.8559,0.0,0.546358,0.0,0.0,0.0,0.0,0.211759,0.0,0.40106,0.0,0.0712697
218.0,19.8893,0.0,0.540089,0.0,0.0,0.0,0.0,0.0901933,0.037337,0.337963,0.0410197,0.0156311
219.0,19.9226,0.0262932,0.657378,0.0,0.0,0.0,0.0,0.0469906,0.165329,0.487892,0.0,0.0616315
220.0,19.9559,0.0457683,0.56289,0.0,0.0,0.0,0.0,0.12784,0.295166,0.456225,0.0,0.0372269
221.0,19.9893,0.0395521,0.331629,0.0,0.0,0.0,0.0,0.205038,0.366869,0.283768,0.0326366,0.0
222.0,20.0226,0.0350473,0.145086,0.0,0.0,0.0,0.0,0.307816,0.375779,0.114324,0.0792838,0.0
223.0,20.0559,0.0111678,0.0919582,0.0,0.0,0.0,0.0,0.292119,0.26697,0.0663152,0.110644,0.0456759
224.0,20.0893,0.0,0.966179,0.0,0.0566172,0.203738,0.0,0.103759,0.0508375,0.0,0.0596917,0.0
225.0,20.1226,0.0,0.852818,0.0,0.0816654,0.290252,0.0810607,0.0,0.0,0.000123743,0.0177406,0.0
226.0,20.1559,0.0,0.259919,0.0634746,0.00762362,0.0436388,0.00607761,0.0863972,0.0712551,0.0,0.153629,0.170287
227.0,20.1893,0.0400299,0.212976,0.021872,0.0047723,0.0181146,0.0,0.0167956,3.33395e-05,0.0,0.00687783,0.0834754
228.0,20.2226,0.109208,0.1012,0.0,0.0,0.0,0.0,0.0547963,0.0847826,0.0478033,0.0634171,0.0612495
229.0,20.2559,0.0215225,0.0,0.00228707,0.00911926,0.0312074,0.00830075,0.0565209,0.0666296,0.0,0.230847,0.113722
230.0,20.2893,0.0,0.0,0.00427976,0.0177966,0.0570299,0.0626347,0.00905356,0.0904501,0.0,0.43219,0.0854989
231.0,20.3226,0.0818374,0.0279775,0.103196,0.0,0.0,0.118739,0.0,0.121112,0.0,0.54028,0.137544
232.0,20.3559,0.231713,0.121525,0.13804,0.0,0.0,0.00697336,0.0,0.310255,0.0666474,0.545874,0.152898
233.0,20.3893,0.0703702,0.0702832,0.214829,0.0645723,0.193776,0.0144759,0.0,0.0869258,0.0,0.478423,0.116876
234.0,20.4226,0.0879548,0.331616,0.00191515,0.014871,0.0592793,0.10373,0.0,0.0803067,0.0,0.529092,0.0
235.0,20.4559,0.263245,0.292259,0.0876189,0.0070772,0.0293695,0.260821,0.0,0.0293393,0.0,0.432842,0.0
236.0,20.4893,0.36142,0.387489,0.187523,0.0374532,0.108692,0.517141,0.0,0.0,0.00634781,0.360348,0.0
237.0,20.5226,0.446696,0.473702,0.277213,0.0565303,0.151102,0.675597,0.0,0.0,0.103256,0.441652,0.0
238.0,20.5559,0.527553,0.471272,0.354272,0.0493516,0.120085,0.712128,0.000325886,0.0,0.16113,0.531543,0.0
239.0,20.5893,0.645419,0.497772,0.551485,0.0516534,0.112853,0.718556,0.0,0.000862613,0.161664,0.567411,0.0
240.0,20.6226,0.67865,0.464616,0.54421,0.029349,0.0475202,0.644804,0.0,0.172559,0.104281,0.535789,0.0142306
241.0,20.6559,0.0994678,0.242115,0.184463,0.0266481,0.0866993,0.0120595,0.0390607,0.0,0.00486138,0.348044,0.208541
242.0,20.6893,0.275479,0.31543,0.495638,0.0,0.0,0.282665,0.0,0.0510942,0.0327441,0.385479,0.0
243.0,20.7226,0.443579,0.0,0.32285,0.0,0.0336967,0.169496,0.0,0.00204374,0.0,0.388189,0.0108402
244.0,20.7559,0.546223,0.0,0.28361,0.0274874,0.150025,0.117228,0.0,0.000842884,0.0,0.546984,0.0156124
245.0,20.7893,0.0,0.0108943,0.0,0.0,0.0632276,0.00505709,0.0103101,0.0260898,0.0,0.264029,0.251414
246.0,20.8226,0.0,0.0263894,0.0,0.0,0.104374,0.138116,0.0,0.0,0.0141137,0.0677477,0.100783
247.0,20.8559,0.0,0.026301,0.0,0.0,0.0438948,0.142416,0.0,0.0,0.00979434,0.0826252,0.0956199
248.0,20.8893,0.0,0.0292224,0.0,0.0,0.019305,0.0122519,0.0104167,0.0,0.00494511,0.0716916,0.0984717
249.0,20.9226,0.0,0.165794,0.0,0.0,0.0,0.00953264,0.0,0.0,0.0732968,0.163394,0.0888349
250.0,20.9559,0.0,0.517401,0.0,0.0,0.0,0.0,0.221394,0.0,0.386747,0.0,0.0845544
251.0,20.9893,0.0,0.545605,0.0,0.0,0.0,0.0,0.0794882,0.0213949,0.341231,0.0118071,0.0479227
252.0,21.0226,0.00658866,0.659475,0.0,0.0,0.0,0.0,0.0545309,0.167514,0.496064,0.0,0.0650946
253.0,21.0559,0.0435605,0.560082,0.0,0.0,0.0,0.0,0.137613,0.293881,0.462431,0.0,0.0433653
254.0,21.0893,0.0373866,0.317108,0.0,0.0,0.0,0.0,0.222795,0.369085,0.275873,0.0354343,0.0
255.0,21.1226,0.0329738,0.139251,0.0,0.0,0.0,0.0,0.315161,0.371923,0.117877,0.081724,0.0
256.0,21.1559,0.0,0.93174,0.0,0.0,0.0,0.0,0.302929,0.177866,0.0,0.300811,0.131391
257.0,21.1893,0.0,0.812218,0.0,0.187924,0.513735,0.0747537,0.176364,0.0831456,0.0,0.416657,0.571471
258.0,21.2226,0.0,0.751243,0.0,0.0487697,0.192969,0.00848664,0.0,0.0294274,0.0,0.116196,0.113982
259.0,21.2559,0.0,0.248491,0.0718836,0.0106135,0.0428623,0.0,0.138415,0.0762474,0.0,0.103959,0.0397557
260.0,21.2893,0.052195,0.100435,0.00404329,0.00457294,0.016856,0.00203361,0.00570682,0.0,0.0,0.0,0.0557307
261.0,21.3226,0.081566,0.120274,0.0,0.0,0.0,0.0,0.0102076,0.0948195,0.101222,0.0301807,0.0391002
262.0,21.3559,0.0224674,0.0,0.0,0.00417946,0.0145248,0.00310233,0.0659074,0.0640005,0.0,0.230192,0.0876167
263.0,21.3893,0.0,0.0,0.0,0.0130322,0.0437305,0.0750523,0.00496909,0.0662719,0.0,0.385028,0.0587028
264.0,21.4226,0.0974427,0.00722326,0.0893963,0.000333492,0.00402897,0.128802,0.0,0.0911728,0.0,0.496569,0.108749
265.0,21.4559,0.249077,0.134438,0.162375,0.0,0.0,0.00369513,0.0,0.264317,0.0594203,0.504056,0.136317
266.0,21.4893,0.116856,0.209406,0.235748,0.0773717,0.219328,0.0,0.0394639,0.0467023,0.0,0.345943,0.186385
267.0,21.5226,0.154649,0.293341,0.0157548,0.0179458,0.0570426,0.0842781,0.0,0.052886,0.0,0.43157,0.0
268.0,21.5559,0.274431,0.287428,0.129559,0.00549277,0.0321313,0.342202,0.0,0.00575648,0.0,0.316777,0.0
269.0,21.5893,0.399447,0.347202,0.187358,0.0331903,0.0959469,0.467919,0.0,0.0,0.00550804,0.30349,0.0
270.0,21.6226,0.506007,0.439403,0.267956,0.0502321,0.12305,0.658006,0.0,0.0,0.122576,0.400475,0.0
271.0,21.6559,0.611126,0.439307,0.379858,0.0408829,0.0895808,0.703806,0.0,0.0,0.176343,0.497036,0.0167052
272.0,21.6893,0.727161,0.425328,0.5561,0.0427116,0.0890373,0.707152,0.0,0.00811784,0.151978,0.552058,0.0
273.0,21.7226,0.693189,0.310183,0.442494,0.0359466,0.0626928,0.641921,0.0,0.145784,0.0990514,0.469312,0.00660278
274.0,21.7559,0.00163463,0.0151397,0.0537924,0.0443376,0.134523,0.0045044,0.0777859,0.0,0.0,0.176342,0.166314
275.0,21.7893,0.306405,0.0141547,0.335437,0.0,0.0247668,0.251876,0.0,0.00730585,0.0219729,0.288865,0.0
276.0,21.8226,0.369859,0.0,0.201494,0.0082631,0.0708815,0.106977,0.0,0.00226661,0.0,0.355577,0.0183143
277.0,21.8559,0.484542,0.0,0.233176,0.0302551,0.165217,0.173749,0.0,0.0,0.0,0.540022,0.0459296
278.0,21.8893,0.0,0.0223053,0.0,0.0,0.0734407,0.0075673,0.00334568,0.0157323,0.0,0.259286,0.242966
279.0,21.9226,0.0,0.0244619,0.0,0.0,0.0738234,0.237441,0.0,0.0,0.0353557,0.0906852,0.0554393
280.0,21.9559,0.0,0.0325915,0.0,0.0,0.031185,0.121005,0.0,0.0,0.00307401,0.0816992,0.0985816
281.0,21.9893,0.0,0.047252,0.0,0.0,0.00280205,0.0115969,0.00185744,0.0,0.0225161,0.0782785,0.064419
282.0,22.0226,0.0,0.180445,0.0,0.0,0.0,0.00430912,0.0112477,0.0,0.0843419,0.177173,0.0886962
283.0,22.0559,0.0,0.54404,0.0,0.0,0.0,0.0,0.196391,0.0,0.388123,0.0,0.00269269
284.0,22.0893,0.0,0.560268,0.0,0.0,0.0,0.0,0.108927,0.047858,0.376832,0.0040141,0.0570712
285.0,22.1226,0.0260686,0.651188,0.0,0.0,0.0,0.0,0.0838094,0.180492,0.495544,0.0,0.0599104
286.0,22.1559,0.0425489,0.548688,0.0,0.0,0.0,0.0,0.152051,0.289515,0.45464,0.0,0.0415504
287.0,22.1893,0.0384183,0.322102,0.0,0.0,0.0,0.0,0.204128,0.355217,0.276534,0.0303275,0.0
288.0,22.2226,0.0351296,0.151904,0.0,0.0,0.0,0.0,0.299961,0.370911,0.126523,0.074137,0.0041316
289.0,22.2559,0.0,0.924265,0.0,0.0,0.0,0.0,0.294032,0.16595,0.0,0.279656,0.11271
290.0,22.2893,0.0,0.711743,0.0,0.262551,0.623382,0.115709,0.272015,0.178603,0.0,0.349711,0.567965
291.0,22.3226,0.0,0.717237,0.0,0.0472453,0.183912,0.00922434,0.0117844,0.0383954,0.0,0.109271,0.0116313
292.0,22.3559,0.0115201,0.320454,0.0912748,0.0121698,0.0481664,0.0,0.135168,0.0821515,0.0,0.115778,0.0270182
293.0,22.3893,0.0671162,0.152779,0.00170361,0.0105609,0.0359554,0.00257307,0.00479591,0.0,0.0,0.0,0.0788751
294.0,22.4226,0.155657,0.18023,0.0,0.0,0.0,0.0,0.00326199,0.104237,0.0887248,0.00936423,0.0235677
295.0,22.4559,0.0425774,0.0191206,0.00413583,0.0115681,0.0370478,0.0069947,0.0580567,0.0660437,0.0,0.236298,0.0872482
296.0,22.4893,0.0,0.0112756,0.012096,0.0130869,0.0426755,0.075463,0.00565489,0.069695,0.0,0.398783,0.0603502
297.0,22.5226,0.133714,0.144049,0.141088,0.0,0.000665874,0.113713,0.0,0.106227,0.0,0.488405,0.109842
298.0,22.5559,0.262747,0.203519,0.201919,0.0,0.0,0.0,0.0,0.275907,0.0700472,0.492756,0.132714
299.0,22.5893,0.0906936,0.148597,0.300293,0.0733945,0.210663,0.0,0.054907,0.0703254,0.0,0.408686,0.140021
300.0,22.6226,0.18424,0.291106,0.081887,0.0222256,0.0674215,0.0759821,0.0,0.0481754,0.0,0.423335,0.0
301.0,22.6559,0.334685,0.281023,0.164519,0.0113082,0.0396993,0.261772,0.0,0.0165506,0.0,0.365599,0.0
302.0,22.6893,0.419388,0.376712,0.245418,0.037439,0.105498,0.477259,0.0,0.0,0.0117641,0.304159,0.0
303.0,22.7226,0.533587,0.466835,0.365326,0.0563587,0.142104,0.658152,0.0,0.0,0.119051,0.406377,0.0
304.0,22.7559,0.577992,0.251715,0.374767,0.0352005,0.070148,0.705381,0.0,0.0,0.173853,0.553065,0.0
305.0,22.7893,0.732077,0.399369,0.5524,0.0430387,0.0885797,0.710773,0.0,0.0166031,0.144516,0.569499,0.0
306.0,22.8226,0.68203,0.421832,0.470107,0.0325746,0.0536209,0.641841,0.0,0.165002,0.0948431,0.499143,0.013866
307.0,22.8559,0.00815259,0.0915696,0.108824,0.0364862,0.115257,0.0023011,0.0624099,0.0,0.00303829,0.29606,0.17845
308.0,22.8893,0.244356,0.0912554,0.375931,0.0,0.0226052,0.274259,0.0,0.0110798,0.0256618,0.332666,0.0
309.0,22.9226,0.384185,0.0,0.191483,0.0066515,0.0684099,0.134917,0.0,0.0,0.0,0.330837,0.00821573
310.0,22.9559,0.391057,0.0,0.152327,0.0160801,0.127723,0.115278,0.0,0.0012345,0.0,0.504457,0.12267
311.0,22.9893,0.0,0.0390903,0.0,0.0,0.0815356,0.0150856,0.00313897,0.00117241,0.0,0.114788,0.211182
312.0,23.0226,0.0,0.0368843,0.0,0.0,0.086301,0.156548,0.0,0.0,0.00288694,0.0938988,0.117966
313.0,23.0559,0.0,0.0343019,0.0,0.0,0.022116,0.0953218,0.0,0.0,0.00572298,0.0599,0.103589
314.0,23.0893,0.0,0.039851,0.0,0.0,0.00478105,0.00868949,0.0,0.0,0.0232479,0.101827,0.0667706
315.0,23.1226,0.0,0.197343,0.0,0.0,0.0,0.0019626,0.0129472,0.0,0.0965279,0.183471,0.0964903
316.0,23.1559,0.0,0.538321,0.0,0.0,0.0,0.0,0.214338,0.0,0.392945,0.0,0.0620816
317.0,23.1893,0.0,0.570648,0.0,0.0,0.0,0.0,0.0879828,0.0706216,0.385599,0.00926631,0.0502494
318.0,23.2226,0.0290151,0.63908,0.0,0.0,0.0,0.0,0.072999,0.192865,0.480026,0.000165318,0.0583371
319.0,23.2559,0.0358045,0.526228,0.0,0.0,0.0,0.0,0.147995,0.29838,0.436542,0.0,0.030213
320.0,23.2893,0.0313344,0.293108,0.0,0.0,0.0,0.0,0.200789,0.351029,0.256627,0.0374158,0.0
321.0,23.3226,0.0305397,0.138661,0.0,0.0,0.0,0.0,0.301846,0.356982,0.115723,0.0791405,0.0
322.0,23.3559,0.0,0.959676,0.0,0.0,0.0,0.0,0.295361,0.144685,0.00329008,0.065024,0.115672
323.0,23.3893,0.0,0.870684,0.0,0.159787,0.471695,0.0625958,0.108746,0.074411,0.0,0.421011,0.552581
324.0,23.4226,0.0,0.771223,0.0,0.0513478,0.197802,0.00514174,0.0,0.0271649,0.0,0.0959376,0.00553336
325.0,23.4559,0.0,0.280749,0.066538,0.0158361,0.0607648,0.0,0.112106,0.0726654,0.0,0.117996,0.0461997
326.0,23.4893,0.0816757,0.0742747,0.00516802,0.00392267,0.015316,0.0161709,0.0,0.0,0.0,0.00349512,0.053735
327.0,23.5226,0.122303,0.121451,0.0,0.0,0.0,0.0,0.0217549,0.0823141,0.0990431,0.0122374,0.0433556
328.0,23.5559,0.0199319,0.0,0.0,0.00223714,0.00809514,0.00196837,0.0568113,0.0559061,0.0,0.211711,0.0733961
329.0,23.5893,0.0,0.0,0.0,0.0129476,0.0425978,0.0774915,0.00396244,0.0690196,0.0,0.394621,0.0431427
330.0,23.6226,0.0961631,0.00523552,0.0914391,0.00118136,0.00544122,0.136957,0.0,0.0865773,0.0,0.494008,0.0956596
331.0,23.6559,0.249076,0.115299,0.150213,0.0,0.0,0.00494244,0.0,0.265303,0.0601364,0.505629,0.125532
332.0,23.6893,0.0860647,0.0820075,0.205054,0.0691302,0.202087,0.0102848,0.0138723,0.0646567,0.0,0.425283,0.106002
333.0,23.7226,0.0936846,0.291072,0.0016132,0.0138349,0.0540285,0.0894881,0.0,0.0705794,0.0,0.474255,0.0
334.0,23.7559,0.285988,0.229432,0.0812027,0.00841363,0.0315534,0.26132,0.0,0.0202083,0.0,0.388499,0.0
335.0,23.7893,0.3694,0.332153,0.164237,0.0350268,0.0993141,0.491747,0.0,0.0,0.0123087,0.322862,0.0
336.0,23.8226,0.45346,0.425618,0.22402,0.050214,0.128093,0.674309,0.0,0.0,0.121165,0.430912,0.0
337.0,23.8559,0.564374,0.438835,0.335913,0.0441942,0.0983169,0.709718,0.0,0.0,0.182115,0.495213,0.0402671
338.0,23.8893,0.69742,0.392331,0.516681,0.0451849,0.0957867,0.70555,0.0,0.0,0.156031,0.537706,0.0
339.0,23.9226,0.687477,0.389012,0.484887,0.032274,0.0529656,0.630549,0.0,0.150125,0.108949,0.453963,0.0103783
340.0,23.9559,0.00969632,0.118267,0.128556,0.0309157,0.101158,0.00172428,0.0605423,0.0,0.00426543,0.289109,0.1828
341.0,23.9893,0.197676,0.214522,0.437626,0.0,0.0,0.250911,0.0,0.0326916,0.0260332,0.344971,0.0
342.0,24.0226,0.285342,0.0,0.127642,0.0,0.0422719,0.127229,0.0,0.00302083,0.0,0.348302,0.173745
343.0,24.0559,0.55841,0.0,0.331926,0.0257869,0.152452,0.163591,0.0,3.02196e-05,0.0,0.596773,0.00381611
344.0,24.0893,0.0,0.0157851,0.0,0.0,0.0909634,0.011005,0.0,0.0119065,0.0,0.215198,0.209221
345.0,24.1226,0.0,0.0444462,0.0,0.0,0.110393,0.190176,0.0,0.0,0.029326,0.0754817,0.0927626
346.0,24.1559,0.0,0.051334,0.0,0.0,0.0446176,0.18773,0.0,0.0,0.0200445,0.0946927,0.111389
347.0,24.1893,0.0,0.0621581,0.0,0.0,0.00679062,0.0149925,0.0,0.0,0.0198587,0.0289053,0.0572647
348.0,24.2226,0.0,0.173261,0.0,0.0,0.0,0.00976508,0.0,0.0,0.073346,0.16483,0.0916717
349.0,24.2559,0.0,0.534253,0.0,0.0,0.0,0.0,0.240932,0.0,0.403056,0.0,0.0899445
350.0,24.2893,0.0,0.546397,0.0,0.0,0.0,0.0,0.0986032,0.00720663,0.348148,0.00492255,0.0541659
351.0,24.3226,0.0250862,0.662562,0.0,0.0,0.0,0.0,0.0467211,0.145145,0.483819,0.0,0.0668216
352.0,24.3559,0.0525131,0.587932,0.0,0.0,0.0,0.0,0.12162,0.291462,0.4714,0.0,0.045917
353.0,24.3893,0.04593,0.362365,0.0,0.0,0.0,0.0,0.211661,0.379301,0.31373,0.0296851,0.0
354.0,24.4226,0.0366718,0.150006,0.0,0.0,0.0,0.0,0.318709,0.391387,0.123336,0.0786139,0.0
355.0,24.4559,0.0130088,0.0924816,0.0,0.0,0.0,0.0,0.30345,0.282735,0.0660092,0.113747,0.0422616
356.0,24.4893,0.0,0.966639,0.0,0.0594988,0.214449,0.0,0.109612,0.0525375,0.0,0.0544249,0.0
357.0,24.5226,0.0,0.750811,0.0,0.0640704,0.236726,0.0170353,0.0,0.0201717,0.0,0.105728,0.109125
358.0,24.5559,0.0209593,0.326007,0.0771725,0.00198149,0.0216312,0.0,0.110379,0.0704409,0.0,0.137724,0.0508536
359.0,24.5893,0.127359,0.255296,0.0117418,0.0145863,0.0466667,0.0,0.0410261,0.0,0.0,0.0178314,0.0921225
360.0,24.6226,0.203904,0.191668,0.0,0.0,0.0,0.0,0.0194312,0.149517,0.0920237,0.0,0.0656435
361.0,24.6559,0.0272284,0.0,0.0,0.00371123,0.0113079,0.00131601,0.0847514,0.074761,0.0,0.235479,0.113886
362.0,24.6893,0.0130805,0.0,0.0,0.0152309,0.0508588,0.0724579,0.0054606,0.063906,0.0,0.358115,0.0845059
363.0,24.7226,0.108413,0.0739317,0.101649,0.0018138,0.00721193,0.120918,0.0,0.09232,0.0,0.481856,0.120978
364.0,24.7559,0.261858,0.188383,0.180206,0.0,0.0,0.000577529,0.0,0.257515,0.0654449,0.473575,0.152481
365.0,24.7893,0.101077,0.155766,0.253683,0.0738677,0.216461,0.00845213,0.0191769,0.060318,0.0,0.390887,0.141768
366.0,24.8226,0.170498,0.300176,0.058381,0.0247723,0.075553,0.0882284,0.0,0.0519273,0.0,0.433755,0.0
367.0,24.8559,0.328047,0.332073,0.162951,0.0109598,0.0408907,0.287,0.0,0.017366,0.0,0.363962,0.0
368.0,24.8893,0.414793,0.402316,0.238517,0.0359511,0.10238,0.479557,0.0,0.0,0.0108726,0.304287,0.0
369.0,24.9226,0.525524,0.489401,0.347128,0.0544592,0.13771,0.66165,0.0,0.0,0.117431,0.400468,0.0
370.0,24.9559,0.614468,0.489583,0.410254,0.0419297,0.0947441,0.706884,0.0,0.0,0.173143,0.500824,0.00716794
371.0,24.9893,0.723077,0.452729,0.552349,0.0428928,0.0890168,0.716117,0.0,0.00230981,0.151708,0.564658,0.0
372.0,25.0226,0.721145,0.471396,0.503305,0.0282466,0.0453381,0.653464,0.0,0.166148,0.0891846,0.560665,0.0
373.0,25.0559,0.084982,0.0,0.153304,0.0449081,0.134533,0.0,0.105883,0.0,0.0,0.263793,0.169925
374.0,25.0893,0.31986,0.0796916,0.403453,0.0,0.00726428,0.300906,0.0,0.0230492,0.0194762,0.366629,0.0
375.0,25.1226,0.471098,0.0,0.196082,0.00748727,0.0604214,0.15769,0.0,0.0,0.0,0.354433,0.0
376.0,25.1559,0.518963,0.0,0.243117,0.0295774,0.159735,0.182709,0.0,0.0,0.0,0.568212,0.0355291
377.0,25.1893,0.0,0.0196454,0.0,0.0,0.0727554,0.0186864,0.0,0.0148252,0.0,0.187359,0.228268
378.0,25.2226,0.0,0.0278419,0.0,0.0,0.0992628,0.208068,0.0,0.0,0.0169143,0.0951006,0.107012
379.0,25.2559,0.0,0.0349807,0.0,0.0,0.0338361,0.141208,0.0,0.0,0.0118146,0.0698525,0.0999387
380.0,25.2893,0.0,0.0443446,0.0,0.0,0.00618708,0.0156933,0.0,0.0,0.0144736,0.0668572,0.0613116
381.0,25.3226,0.0,0.157133,0.0,0.0,0.0,0.00883259,0.0113542,0.0,0.0716974,0.171546,0.0984137
382.0,25.3559,0.0,0.533167,0.0,0.0,0.0,0.0,0.227004,0.0,0.397905,0.0,0.091258
383.0,25.3893,0.0,0.539057,0.0,0.0,0.0,0.0,0.0955917,0.0157721,0.344468,0.00517153,0.0548857
384.0,25.4226,0.00950146,0.658017,0.0,0.0,0.0,0.0,0.0726297,0.184109,0.495995,0.0,0.0543799
385.0,25.4559,0.0408946,0.565754,0.0,0.0,0.0,0.0,0.151759,0.294751,0.472486,0.0,0.0394742
386.0,25.4893,0.0383311,0.332982,0.0,0.0,0.0,0.0,0.216151,0.367796,0.296485,0.0287104,0.0
387.0,25.5226,0.0341924,0.148107,0.0,0.0,0.0,0.0,0.311061,0.379255,0.129766,0.074785,0.0101586
388.0,25.5559,0.0,0.926485,0.0,0.0,0.0,0.0,0.297513,0.19301,0.0,0.293873,0.14061
389.0,25.5893,0.0,0.692704,0.0,0.260458,0.620732,0.113396,0.276542,0.183512,0.0,0.347073,0.570119
390.0,25.6226,0.0,0.747768,0.0,0.0481676,0.184117,0.00922212,0.0,0.0228202,0.0,0.0928353,0.0
391.0,25.6559,0.0145132,0.278698,0.0832742,0.026351,0.0991429,0.0,0.108912,0.0866419,0.0,0.139254,0.112481
392.0,25.6893,0.134519,0.117401,0.0,0.0210253,0.0714389,0.00378676,0.00410708,0.0,0.0,0.0188962,0.08286
393.0,25.7226,0.168887,0.170524,0.0,0.0,0.0,0.0,0.0183179,0.128405,0.0795496,0.0364088,0.0441386
394.0,25.7559,0.0399995,0.00947759,0.0,0.0124056,0.0412894,0.0105928,0.0501872,0.0695679,0.0,0.251454,0.10371
395.0,25.7893,0.0,0.0,0.0158639,0.0123499,0.045539,0.0847238,0.00173834,0.0757788,0.0,0.428161,0.0463231
396.0,25.8226,0.151195,0.0245071,0.10457,0.0,0.0,0.141219,0.0,0.0997981,0.0,0.484237,0.111811
397.0,25.8559,0.283213,0.150103,0.182544,0.0,0.0,0.00537497,0.0,0.282445,0.060547,0.519738,0.144625
398.0,25.8893,0.114146,0.179032,0.287023,0.0724147,0.208441,0.000665617,0.0562158,0.0710178,0.0,0.403543,0.129795
399.0,25.9226,0.193395,0.303613,0.0779321,0.0277566,0.0797841,0.0425359,0.0,0.0539089,0.0,0.441718,0.0
400.0,25.9559,0.336577,0.299366,0.176475,0.0125348,0.0403082,0.224274,0.0,0.0242418,0.0,0.37856,0.0
401.0,25.9893,0.418501,0.378433,0.249004,0.0327686,0.0965915,0.452298,0.0,0.0,0.0,0.289545,0.0
402.0,26.0226,0.532664,0.475896,0.37439,0.0541719,0.136706,0.647959,0.0,0.0,0.111063,0.392125,0.0
403.0,26.0559,0.62908,0.50293,0.450204,0.0434186,0.100526,0.705422,0.0,0.0,0.173066,0.500254,0.0111762
404.0,26.0893,0.650589,0.594841,0.543432,0.0328657,0.0640085,0.706804,0.0,0.017829,0.14685,0.589798,0.0
405.0,26.1226,0.728633,0.513152,0.557419,0.0220127,0.0320042,0.650396,0.0,0.17904,0.0787957,0.606958,0.000809524
406.0,26.1559,0.0632801,0.220207,0.172825,0.044196,0.13201,0.0,0.103941,0.0,0.00276833,0.255618,0.175588
407.0,26.1893,0.232426,0.190138,0.404748,0.000480352,0.0369208,0.254831,0.0,0.0117437,0.0267077,0.301538,0.0
408.0,26.2226,0.39484,0.0,0.25259,0.00611977,0.0687352,0.125686,0.0,0.00173223,0.0,0.366488,0.0
409.0,26.2559,0.479781,0.0,0.240009,0.0276774,0.159092,0.169194,0.0,0.0,0.0,0.550075,0.0493156
410.0,26.2893,0.0,0.0175432,0.0,0.0,0.072673,0.0169137,0.0,0.0174148,0.0,0.221464,0.235267
411.0,26.3226,0.0,0.0291968,0.0,0.0,0.10877,0.149883,0.0,0.0,0.00243138,0.113684,0.0996576
412.0,26.3559,0.0,0.0337638,0.0,0.0,0.0345762,0.10486,0.0,0.0,0.00397552,0.0622391,0.0972847
413.0,26.3893,0.0,0.0538927,0.0,0.0,0.00265893,0.0103152,0.00647819,0.0,0.0236742,0.0642222,0.0595063
414.0,26.4226,0.0,0.182288,0.0,0.0,0.0,0.00140655,0.0187657,0.0,0.0899862,0.162386,0.0852189
415.0,26.4559,0.0,0.516041,0.0,0.0,0.0,0.0,0.253413,0.0,0.392471,0.0,0.0659529
416.0,26.4893,0.0,0.571785,0.0,0.0,0.0,0.0,0.12597,0.059112,0.400797,6.94329e-05,0.0448765
417.0,26.5226,0.0278821,0.648479,0.0,0.0,0.0,0.0,0.106607,0.197212,0.499584,0.0,0.0514334
418.0,26.5559,0.0399243,0.533026,0.0,0.0,0.0,0.0,0.157997,0.282844,0.443636,0.0,0.0356193
419.0,26.5893,0.0364165,0.313705,0.0,0.0,0.0,0.0,0.203719,0.347517,0.266616,0.0341056,0.0
420.0,26.6226,0.033475,0.15608,0.0,0.0,0.0,0.0,0.291192,0.363297,0.133239,0.0749405,0.0171345
421.0,26.6559,0.0,0.917434,0.0,0.0,0.00521931,0.0,0.30928,0.120768,0.0,0.210435,0.0757837
422.0,26.6893,0.0,0.781564,0.0,0.26864,0.628745,0.132008,0.258562,0.139236,0.0,0.346126,0.506222
423.0,26.7226,0.0,0.753821,0.0,0.0515925,0.197573,0.0196645,0.0,0.0212579,0.0,0.102912,0.0
424.0,26.7559,0.00826038,0.289544,0.0902683,0.0243101,0.0943032,0.00204286,0.104119,0.088493,0.0,0.127767,0.0234665
425.0,26.7893,0.123222,0.170507,0.00901238,0.0166206,0.057252,0.00636483,0.00167653,0.0,0.0,0.0138843,0.0681995
426.0,26.8226,0.150365,0.170772,0.0,0.0,0.0,0.0,0.0212833,0.125453,0.0862937,0.0280523,0.04701
427.0,26.8559,0.0269547,0.0,0.0,0.00834258,0.0282018,0.00666739,0.0578047,0.0652155,0.0,0.232749,0.0921754
428.0,26.8893,0.00802922,0.0,0.0252462,0.0154468,0.0503479,0.0713096,0.00777248,0.0699917,0.0,0.404877,0.0557751
429.0,26.9226,0.182604,0.138633,0.144813,0.0,0.000514761,0.131052,0.0,0.0938344,0.0,0.462525,0.114912
430.0,26.9559,0.300425,0.208717,0.117851,0.0,0.0,0.00390456,0.0,0.274814,0.0619575,0.507071,0.145842
431.0,26.9893,0.0949639,0.14393,0.295835,0.0757546,0.216006,0.0,0.0915603,0.0811235,0.0,0.412023,0.16772
432.0,27.0226,0.168752,0.294093,0.0623452,0.0224611,0.0662436,0.0414533,0.0,0.0510774,0.0,0.431271,0.0
433.0,27.0559,0.332792,0.274313,0.153637,0.0110289,0.0368909,0.237337,0.0,0.0210235,0.0,0.370545,0.0
434.0,27.0893,0.414436,0.362092,0.238327,0.0343085,0.0987582,0.461936,0.0,0.0,0.00492186,0.296875,0.0
435.0,27.1226,0.512501,0.407946,0.319164,0.052202,0.129669,0.652024,0.0,0.0,0.116406,0.400679,0.0
436.0,27.1559,0.610737,0.424574,0.399094,0.0434437,0.0955928,0.710016,0.0,0.0,0.178988,0.507754,0.0186689
437.0,27.1893,0.726212,0.410253,0.560911,0.0446401,0.0927186,0.71447,0.0,0.0102345,0.149398,0.572232,0.0
438.0,27.2226,0.678394,0.462513,0.490183,0.0335395,0.0561802,0.648507,0.0,0.167559,0.102937,0.513546,0.0378937
439.0,27.2559,0.0122618,0.149565,0.0875388,0.0487787,0.142734,0.0,0.109258,0.0,0.00667981,0.373398,0.192152
440.0,27.2893,0.219528,0.138505,0.394427,0.0,0.019012,0.267473,0.0,0.016883,0.0250731,0.338458,0.0
441.0,27.3226,0.390999,0.0,0.271998,0.00386704,0.0645302,0.115263,0.0,0.00351498,0.0,0.362479,0.0
442.0,27.3559,0.24317,0.0,0.254915,0.00456319,0.114999,0.129134,0.0,0.0179203,0.0,0.565639,0.125473
443.0,27.3893,0.0,0.0442161,0.0,0.0,0.0776057,0.0140545,0.00957334,0.00169746,0.0,0.116036,0.23917
444.0,27.4226,0.0,0.0448713,0.0,0.0,0.086045,0.18797,0.0,0.0,0.00277244,0.123388,0.125535
445.0,27.4559,0.0,0.0408027,0.0,0.0,0.0329443,0.0254015,0.0,0.0,0.0,0.0157954,0.0602834
446.0,27.4893,0.0,0.0326342,0.0,0.0,0.0045342,0.0112694,0.0,0.0,0.0220478,0.104856,0.0635478
447.0,27.5226,0.0,0.167318,0.0,0.0,0.0,0.0106876,0.00896463,0.0,0.0743811,0.186663,0.124692
448.0,27.5559,0.0,0.519235,0.0,0.0,0.0,0.0,0.209719,0.0,0.379196,0.0,0.0692736
449.0,27.5893,0.0,0.5313,0.0,0.0,0.0,0.0,0.115011,0.0430293,0.341956,0.0,0.16056
450.0,27.6226,0.0245637,0.646681,0.0,0.0,0.0,0.0,0.0541754,0.176598,0.484386,0.0,0.0591772
451.0,27.6559,0.0406493,0.538842,0.0,0.0,0.0,0.0,0.146743,0.302955,0.443494,0.0,0.0291366
452.0,27.6893,0.0340199,0.301734,0.0,0.0,0.0,0.0,0.21076,0.358898,0.266089,0.0357692,0.0
453.0,27.7226,0.0325763,0.136504,0.0,0.0,0.0,0.0,0.313988,0.370405,0.109879,0.0853437,0.0
454.0,27.7559,0.0,0.961663,0.0,0.0,0.0,0.0,0.305469,0.137094,0.0,0.0753769,0.0965961
455.0,27.7893,0.0,0.872047,0.0,0.160806,0.47368,0.0612039,0.10694,0.0742907,0.0,0.416645,0.547437
456.0,27.8226,0.0,0.770438,0.0,0.0508213,0.196329,0.00564121,0.0,0.0296083,0.0,0.103379,0.0088242
457.0,27.8559,0.0,0.283107,0.0704663,0.0145467,0.0568294,0.0,0.116509,0.0749195,0.0,0.117787,0.0477837
458.0,27.8893,0.0712098,0.0973778,0.00912999,0.0052521,0.0210372,0.0178294,0.0,0.0,0.0,0.0,0.0670024
459.0,27.9226,0.117098,0.139433,0.0,0.0,0.0,0.0,0.0103075,0.0744363,0.117884,0.0070975,0.0425688
460.0,27.9559,0.0200698,0.0,0.0,0.000464585,0.00179691,0.0,0.0637285,0.0585749,0.0,0.204304,0.07875
461.0,27.9893,0.0,0.0,0.0,0.012661,0.0418728,0.0771373,0.00407285,0.0646617,0.0,0.381802,0.0452435
462.0,28.0226,0.0990513,0.00424104,0.0919538,0.000215486,0.00299937,0.1413,0.0,0.086636,0.0,0.495975,0.0921227
463.0,28.0559,0.254711,0.127521,0.156184,0.0,0.0,0.00254151,0.0,0.269522,0.0657352,0.500269,0.125832
464.0,28.0893,0.0896461,0.0837724,0.227883,0.0677973,0.198787,0.00927331,0.0209747,0.0642958,0.0,0.421425,0.110814
465.0,28.1226,0.135326,0.26902,0.0133873,0.0163263,0.0557144,0.0939006,0.0,0.057116,0.0,0.449686,0.0
466.0,28.1559,0.303852,0.23101,0.108689,0.00947637,0.0357932,0.270333,0.0,0.0169998,0.0,0.372604,0.0
467.0,28.1893,0.385065,0.336614,0.191219,0.0362341,0.102241,0.48937,0.0,0.0,0.0148942,0.316652,0.0
468.0,28.2226,0.479378,0.425869,0.272136,0.0503007,0.12738,0.671334,0.0,0.0,0.126043,0.426591,0.0
469.0,28.2559,0.58121,0.43465,0.362805,0.0430633,0.0938886,0.709525,0.0,0.0,0.182794,0.508038,0.0157085
470.0,28.2893,0.70868,0.403001,0.537813,0.044431,0.0940671,0.705699,0.0,0.0047814,0.151611,0.548863,0.0
471.0,28.3226,0.667592,0.409276,0.462097,0.0348098,0.0595501,0.625873,0.0,0.14575,0.104051,0.446775,0.0206841
472.0,28.3559,0.00923722,0.126537,0.0872415,0.0370181,0.112909,0.0,0.0720184,0.0,0.00367734,0.316234,0.185795
473.0,28.3893,0.24889,0.119443,0.395842,0.0,0.0230452,0.21974,0.0,0.00203436,0.0193257,0.359346,0.0
474.0,28.4226,0.0,0.488221,0.0,0.0,0.0,0.0594862,0.0,0.288314,0.0323307,0.539363,0.0468321
475.0,28.4559,0.439026,0.0,0.22092,0.014912,0.124064,0.118479,0.0,0.0030372,0.0,0.560232,0.0690404
476.0,28.4893,0.0,0.020597,0.0,0.0,0.0922024,0.018225,0.0,0.00735116,0.0,0.137361,0.20968
477.0,28.5226,0.0,0.036887,0.0,0.0,0.0988187,0.159132,0.0,0.0,0.00845949,0.0876288,0.0975739
478.0,28.5559,0.0,0.0373863,0.0,0.0,0.0340531,0.0814082,0.0,0.0,0.00108915,0.0664612,0.120098
479.0,28.5893,0.0,0.0631538,0.0,0.0,0.000861874,0.00635877,0.0,0.0,0.0373075,0.0742608,0.045593
480.0,28.6226,0.0,0.175453,0.0,0.0,0.0,0.0,0.0268068,0.0,0.0807722,0.168,0.135094
481.0,28.6559,0.0,0.541044,0.0,0.0,0.0,0.0,0.252038,0.0,0.415156,0.0,0.0810337
482.0,28.6893,0.0,0.557967,0.0,0.0,0.0,0.0,0.108633,0.0450097,0.375486,0.00295044,0.0576469
483.0,28.7226,0.0287699,0.6494,0.0,0.0,0.0,0.0,0.0767621,0.176493,0.490981,0.0,0.0649304
484.0,28.7559,0.0440378,0.547798,0.0,0.0,0.0,0.0,0.15336,0.286891,0.453882,0.0,0.0600377
485.0,28.7893,0.0384798,0.320193,0.0,0.0,0.0,0.0,0.202039,0.352692,0.281187,0.0325533,0.0
486.0,28.8226,0.0348934,0.153806,0.0,0.0,0.0,0.0,0.301431,0.371983,0.1295,0.0773199,0.0145551
487.0,28.8559,0.0,0.928952,0.0,0.0,0.0,0.0,0.294339,0.165533,0.0,0.28322,0.114234
488.0,28.8893,0.0,0.69866,0.0,0.269888,0.634272,0.117712,0.282645,0.188317,0.0,0.354079,0.581942
489.0,28.9226,0.0,0.713018,0.0,0.0531277,0.199688,0.0108416,0.0,0.0314456,0.0,0.10459,0.013936
490.0,28.9559,0.00986366,0.303228,0.0799803,0.0151233,0.0582115,0.0,0.130149,0.0824018,0.0,0.12029,0.0912245
491.0,28.9893,0.0871692,0.161209,0.0,0.0149178,0.0501987,0.00159587,0.011762,0.0,0.0,0.0110995,0.0862323
492.0,29.0226,0.136505,0.165749,0.0,0.0,0.0,0.0,0.0207064,0.120504,0.0724456,0.0494575,0.0350143
493.0,29.0559,0.0423203,0.0329861,0.0,0.0162752,0.0529735,0.0109482,0.0526741,0.0702872,0.0,0.255251,0.0953385
494.0,29.0893,0.0,0.0171486,0.0148556,0.0142625,0.04636,0.0778497,0.00559268,0.0745139,0.0,0.416261,0.0786143
495.0,29.1226,0.134946,0.153198,0.147075,0.000610959,0.00319112,0.111748,0.0,0.106042,0.0,0.489203,0.121062
496.0,29.1559,0.259065,0.214153,0.205519,0.0,0.0,0.0,0.0,0.279934,0.070726,0.494926,0.1371
497.0,29.1893,0.0845685,0.174412,0.290257,0.0725566,0.210886,0.00137529,0.0350644,0.0648251,0.0,0.401501,0.143043
498.0,29.2226,0.181472,0.326258,0.0792455,0.0227653,0.0702969,0.0912634,0.0,0.0490138,0.0,0.429251,0.0
499.0,29.2559,0.32992,0.321889,0.181882,0.0118595,0.0419871,0.261335,0.0,0.0183089,0.0,0.370015,0.0
500.0,29.2893,0.414974,0.404201,0.254674,0.0364305,0.103815,0.476615,0.0,0.0,0.00796695,0.3108,0.0
501.0,29.3226,0.527965,0.488351,0.375554,0.0558873,0.142724,0.654234,0.0,0.0,0.113557,0.403904,0.0
502.0,29.3559,0.62214,0.489351,0.436571,0.042382,0.0987608,0.696811,0.0,0.0,0.16818,0.49308,0.0146153
503.0,29.3893,0.722313,0.490636,0.586294,0.0409308,0.0855003,0.708456,0.0,0.0127889,0.146329,0.573806,0.0
504.0,29.4226,0.705945,0.506415,0.518778,0.0260758,0.0418209,0.639143,0.0,0.177564,0.0879208,0.542388,0.00433567
505.0,29.4559,0.0194555,0.0971721,0.14829,0.0401817,0.129011,0.0,0.0921096,0.0,0.00254088,0.285237,0.171982
506.0,29.4893,0.257523,0.13821,0.409006,0.0,0.0177356,0.271459,0.0,0.0167006,0.0202917,0.351886,0.0
507.0,29.5226,0.416644,0.0,0.236276,0.00713616,0.0683558,0.137345,0.0,0.00156528,0.0,0.393206,0.0
508.0,29.5559,0.587523,0.0,0.246519,0.0326948,0.166399,0.171222,0.0,0.0,0.0,0.573095,0.0273113
509.0,29.5893,0.0,0.022406,0.0,0.0,0.0595028,0.0310566,0.0,0.0144851,0.0,0.169893,0.23967
510.0,29.6226,0.0,0.0250988,0.0,0.0,0.0965636,0.181532,0.0,0.0,0.00872154,0.0901077,0.100607
511.0,29.6559,0.0,0.0332383,0.0,0.0,0.0289947,0.0779517,0.0,0.0,0.00428105,0.0429081,0.109704
512.0,29.6893,0.0,0.0466002,0.0,0.0,0.00365208,0.0112787,0.0,0.0,0.0236901,0.0821175,0.0646603
513.0,29.7226,0.0,0.186058,0.0,0.0,0.0,0.00157994,0.0124398,0.0,0.0938196,0.170006,0.0913878
514.0,29.7559,0.0,0.530166,0.0,0.0,0.0,0.0,0.243459,0.0,0.398534,0.0,0.075106
515.0,29.7893,0.0,0.572144,0.0,0.0,0.0,0.0,0.107978,0.0618273,0.393381,0.0034058,0.0549506
516.0,29.8226,0.0257995,0.647857,0.0,0.0,0.0,0.0,0.0842396,0.192429,0.493195,0.0,0.0559508
517.0,29.8559,0.0376777,0.535568,0.0,0.0,0.0,0.0,0.155333,0.290624,0.447472,0.0,0.0365247
518.0,29.8893,0.0344449,0.306383,0.0,0.0,0.0,0.0,0.204129,0.347701,0.267356,0.030439,0.0
519.0,29.9226,0.0322209,0.148066,0.0,0.0,0.0,0.0,0.298155,0.363131,0.12752,0.074947,0.00893787
520.0,29.9559,0.0,0.916594,0.0,0.0,0.00165987,0.0,0.305997,0.126465,0.0,0.207421,0.0881953
521.0,29.9893,0.0,0.810863,0.0,0.184264,0.509885,0.0656749,0.156046,0.0762231,0.0,0.391821,0.505991
522.0,30.0226,0.0,0.711862,0.0,0.0467674,0.184031,0.0102909,0.0,0.0299876,0.0,0.129898,0.0884403
523.0,30.0559,0.00631359,0.27734,0.0849362,0.0191777,0.0725759,0.0,0.120199,0.0821898,0.0,0.123827,0.0862281
524.0,30.0893,0.129805,0.122147,0.00140873,0.0142484,0.0474356,0.0044041,0.0131052,0.0,0.0,0.0120423,0.0657768
525.0,30.1226,0.0910626,0.0903867,0.0,0.0,0.0,0.0,0.0715893,0.0990996,0.0506696,0.0763136,0.0626228
526.0,30.1559,0.0434601,0.0,0.0,0.013716,0.0500242,0.00490394,0.0761271,0.0720507,0.0,0.228599,0.133488
527.0,30.1893,0.0,0.0,0.0167263,0.0199878,0.0622435,0.0467119,0.0336424,0.109763,0.0,0.480378,0.0859374
528.0,30.2226,0.0956983,0.0239083,0.116796,0.0,0.0,0.0860647,0.0,0.135265,0.0,0.539971,0.196939
529.0,30.2559,0.217247,0.0818104,0.0938603,0.0,0.0,0.0119696,0.0,0.301414,0.0587179,0.557081,0.148332
530.0,30.2893,0.0437755,0.0744831,0.18199,0.0692729,0.203832,0.00667788,0.0314126,0.106006,0.0,0.518398,0.118134
531.0,30.3226,0.0573222,0.306741,0.0,0.0190278,0.0742084,0.0698934,0.0,0.10064,0.0,0.555009,0.0
532.0,30.3559,0.230297,0.288172,0.0187195,0.00782622,0.0285925,0.231651,0.0,0.0328875,0.0,0.443935,0.0
533.0,30.3893,0.339824,0.358303,0.165567,0.0370457,0.110349,0.507548,0.0,0.0,0.0,0.357455,0.0
534.0,30.4226,0.411925,0.448433,0.212987,0.056358,0.150466,0.666927,0.0,0.0,0.0980246,0.432529,0.0
535.0,30.4559,0.47232,0.45388,0.281837,0.0496849,0.119583,0.71625,0.000930813,0.0,0.164503,0.532517,0.00578494
536.0,30.4893,0.615219,0.485183,0.517381,0.0553714,0.123673,0.724267,0.0,0.0,0.172747,0.562258,0.0
537.0,30.5226,0.69673,0.43913,0.568059,0.028829,0.0481173,0.643536,0.0,0.133234,0.107148,0.535318,0.00416935
538.0,30.5559,0.115806,0.174141,0.270945,0.0281782,0.0891248,0.0,0.0767738,0.0,0.00100778,0.32132,0.188562
539.0,30.5893,0.294091,0.499991,0.563889,0.0,0.0,0.274204,0.0,0.09391,0.0429375,0.419488,0.0
540.0,30.6226,0.39909,0.0,0.29244,0.00324416,0.0585577,0.111883,0.0,0.00172202,0.0,0.314547,0.023425
541.0,30.6559,0.590403,0.0,0.372539,0.0243406,0.147699,0.199597,0.0,0.0,0.0,0.588654,0.0
542.0,30.6893,0.0,0.0103896,0.0,0.0,0.0673629,0.00845393,0.0,0.0274556,0.0,0.384443,0.236251
543.0,30.7226,0.0,0.0347319,0.0,0.0,0.119493,0.160908,0.0,0.0,0.0253222,0.0767559,0.0806909
544.0,30.7559,0.0,0.0412621,0.0,0.0,0.0767142,0.15396,0.0,0.0,0.0,0.120354,0.130162
545.0,30.7893,0.0,0.063643,0.0,0.0,0.00684648,0.0133007,0.00335229,0.0,0.0162965,0.0215732,0.0541861
546.0,30.8226,0.0,0.176883,0.0,0.0,0.0,0.00776267,0.0,0.0,0.0741058,0.148719,0.0769588
547.0,30.8559,0.0,0.506294,0.0,0.0,0.0,0.0,0.238356,0.0,0.385556,0.0,0.0898751
548.0,30.8893,0.0,0.532652,0.0,0.0,0.0,0.0,0.11055,0.00594486,0.34038,0.000679948,0.0478964
549.0,30.9226,0.00643484,0.651448,0.0,0.0,0.0,0.0,0.0747455,0.158956,0.488206,0.0,0.0593011
550.0,30.9559,0.0513771,0.57906,0.0,0.0,0.0,0.0,0.129991,0.28034,0.46638,0.0,0.044278
551.0,30.9893,0.0451879,0.361936,0.0,0.0,0.0,0.0,0.213687,0.370483,0.310393,0.022449,0.0
552.0,31.0226,0.0373102,0.157509,0.0,0.0,0.0,0.0,0.306106,0.386159,0.133868,0.076024,0.0
553.0,31.0559,0.0144024,0.0968568,0.0,0.0,0.0,0.0,0.297112,0.289987,0.0672443,0.116002,0.0309717
554.0,31.0893,0.0,0.968586,0.0,0.0363822,0.144509,0.0,0.223933,0.107741,0.0,0.154838,0.0
555.0,31.1226,0.0,0.866194,0.0,0.111333,0.3775,0.183925,0.0,0.0,0.024465,0.0,0.0
556.0,31.1559,0.0139558,0.318237,0.0781343,0.0307763,0.117981,0.0104021,0.0414251,0.0754535,0.0,0.163934,0.0840802
557.0,31.1893,0.134913,0.270078,0.04954,0.0144526,0.0521452,0.00161509,0.0305702,0.00881452,0.0,0.0388544,0.10727
558.0,31.2226,0.132646,0.167403,0.0,0.0,0.0,0.0,0.0389784,0.143164,0.0914606,0.0878244,0.0
559.0,31.2559,0.0,0.0,0.0,0.0118455,0.0436968,0.00567499,0.0810962,0.083831,0.0,0.263779,0.130865
560.0,31.2893,0.0,0.0,0.0101511,0.0201867,0.0651308,0.0418166,0.0295837,0.100695,0.0,0.445381,0.108888
561.0,31.3226,0.0913619,0.0,0.0575879,0.0,0.0,0.0726727,0.0,0.137619,0.0,0.532751,0.145196
562.0,31.3559,0.23092,0.0998695,0.130123,0.0,0.0,0.00458171,0.0,0.331403,0.0568389,0.582678,0.157409
563.0,31.3893,0.0388823,0.0451433,0.228681,0.0755691,0.218055,0.000622851,0.0636533,0.10471,0.0,0.488039,0.112216
564.0,31.4226,0.0563942,0.291197,0.000188364,0.0209757,0.075377,0.0337041,0.0,0.089343,0.0,0.528,0.0
565.0,31.4559,0.202185,0.309947,0.00679076,0.000126196,0.0148435,0.264526,0.0,0.0303208,0.0,0.417014,0.0
566.0,31.4893,0.348428,0.337168,0.202883,0.0382272,0.111584,0.496624,0.0,0.0,0.00599641,0.335006,0.0
567.0,31.5226,0.405622,0.450667,0.228831,0.0546513,0.138556,0.648482,0.0,0.0,0.115035,0.384771,0.0369079
568.0,31.5559,0.526903,0.434074,0.319174,0.0481692,0.11285,0.706051,0.0,0.0,0.180153,0.494668,0.0178455
569.0,31.5893,0.659115,0.448881,0.531005,0.0502636,0.109477,0.709379,0.0,0.0,0.167692,0.542713,0.0
570.0,31.6226,0.683235,0.314479,0.475052,0.0332735,0.0530939,0.635918,0.0,0.142481,0.110576,0.482858,0.0158016
571.0,31.6559,0.00390905,0.0,0.105474,0.0333699,0.0993865,0.0,0.0668628,0.0,0.00130095,0.330742,0.196865
572.0,31.6893,0.353359,0.0443538,0.410763,0.0,0.0,0.282455,0.0,0.0239209,0.022571,0.347262,0.0
573.0,31.7226,0.452257,0.0,0.296915,0.0,0.0302366,0.14854,0.0,0.00688715,0.0,0.432589,0.00161132
574.0,31.7559,0.526573,0.0,0.259294,0.0231683,0.141833,0.164049,0.0,0.0,0.0,0.534126,0.0480055
575.0,31.7893,0.0,0.00476897,0.0,0.0,0.0460608,0.0487396,0.0,0.0276347,0.0,0.196611,0.231946
576.0,31.8226,0.0,0.0298136,0.0,0.0,0.10598,0.143356,0.0,0.0,0.0164924,0.0631602,0.102384
577.0,31.8559,0.0,0.0323355,0.0,0.0,0.0443543,0.15608,0.0,0.0,0.0113647,0.0840433,0.0942766
578.0,31.8893,0.0,0.0416505,0.0,0.0,0.00669728,0.0178064,0.0,0.0,0.0116961,0.0744961,0.0584272
579.0,31.9226,0.0,0.179511,0.0,0.0,0.0,0.00413198,0.0148207,0.0,0.0803592,0.171708,0.0795113
580.0,31.9559,0.0,0.526798,0.0,0.0,0.0,0.0,0.209276,0.0,0.381112,0.0,0.0786925
581.0,31.9893,0.0,0.543864,0.0,0.0,0.0,0.0,0.0870028,0.0264058,0.340976,0.0168894,0.0416012
582.0,32.0226,0.0175863,0.661193,0.0,0.0,0.0,0.0,0.0514717,0.173255,0.491514,0.0,0.0587578
583.0,32.0559,0.0460077,0.56864,0.0,0.0,0.0,0.0,0.126783,0.294372,0.462821,0.0,0.0391613
584.0,32.0893,0.0371582,0.328807,0.0,0.0,0.0,0.0,0.210739,0.368343,0.291128,0.0421689,0.0
585.0,32.1226,0.0349133,0.147908,0.0,0.0,0.0,0.0,0.308459,0.378142,0.125087,0.0788709,0.0058856
586.0,32.1559,0.0113479,0.0891947,0.0,0.0,0.0,0.0,0.293632,0.273297,0.0644664,0.115671,0.04092
587.0,32.1893,0.0,0.968537,0.0,0.0569711,0.204546,0.0,0.105052,0.0502312,0.0,0.0572628,0.0
588.0,32.2226,0.0,0.81348,0.0,0.0528202,0.201074,0.00700613,0.00104585,0.0240767,0.0,0.131732,0.0
589.0,32.2559,0.00162899,0.269932,0.0997244,0.0215693,0.0843346,0.0,0.109139,0.0926763,0.0,0.143925,0.107914
590.0,32.2893,0.0744377,0.22209,0.0210785,0.0163696,0.0574305,0.00204972,0.0226525,0.0027948,0.0,0.0138099,0.0560206
591.0,32.3226,0.104871,0.183632,0.0,0.0,0.0,0.0,0.0139432,0.145369,0.0990412,0.0714574,0.0
592.0,32.3559,0.0,0.0201875,0.000133682,0.0130127,0.0444746,0.00596035,0.073261,0.0781958,0.0,0.249132,0.109282
593.0,32.3893,0.0,0.0189196,0.00184785,0.0147322,0.0483308,0.0385327,0.0212594,0.0891748,0.0,0.409449,0.0725515
594.0,32.4226,0.0363848,0.0878208,0.113557,0.00063657,0.00362504,0.0709789,0.00708595,0.112101,0.0,0.489793,0.126393
595.0,32.4559,0.19391,0.161362,0.168363,0.0,0.0,0.0,0.0,0.292012,0.0606328,0.51944,0.149028
596.0,32.4893,0.0285495,0.129502,0.27374,0.0805879,0.231124,0.0,0.0995881,0.0912255,0.0,0.431638,0.131085
597.0,32.5226,0.100014,0.282805,0.0424608,0.0291762,0.0867595,0.0302681,0.0,0.0591814,0.0,0.484561,0.0
598.0,32.5559,0.253214,0.287553,0.116941,0.00475676,0.0188267,0.221798,0.0,0.0279249,0.0,0.420423,0.0
599.0,32.5893,0.356271,0.354853,0.212851,0.0291396,0.0901816,0.446989,0.0,0.0,0.0,0.302356,0.0
600.0,32.6226,0.450576,0.447126,0.26479,0.0502896,0.125921,0.650112,0.0,0.0,0.11901,0.404416,0.0
601.0,32.6559,0.0,0.0,0.0,0.0288138,0.0693601,0.645015,0.0,0.0,0.135574,0.557044,0.140432
602.0,32.6893,0.685873,0.376527,0.520847,0.0463074,0.0947334,0.713024,0.0,0.0,0.164033,0.555117,0.0
603.0,32.7226,0.691377,0.360117,0.484905,0.032483,0.0504622,0.643226,0.0,0.149486,0.10814,0.505267,0.00813377
604.0,32.7559,0.0,0.0,0.16423,0.0343867,0.110118,0.0,0.0909746,0.0,0.000374794,0.273748,0.157004
605.0,32.7893,0.246808,0.122047,0.411797,0.0,0.0,0.27378,0.0,0.0321789,0.0255013,0.355992,0.0
606.0,32.8226,0.390604,0.0,0.244675,0.0,0.0319833,0.163344,0.0,0.00690142,0.0,0.402421,0.061679
607.0,32.8559,0.450063,0.0,0.231444,0.0274247,0.155446,0.131504,0.0,0.0,0.0,0.497572,0.0373183
608.0,32.8893,0.0,0.017462,0.0,0.0,0.0784033,0.0125979,0.0,0.0174524,0.0,0.255011,0.237561
609.0,32.9226,0.0,0.0289246,0.0,0.0,0.100825,0.156794,0.0,0.0,0.00780876,0.0894447,0.0957557
610.0,32.9559,0.0,0.0357666,0.0,0.0,0.0385015,0.119195,0.0,0.0,0.00791805,0.06389,0.0918797
611.0,32.9893,0.0,0.0494182,0.0,0.0,0.0040568,0.0135776,0.003057,0.0,0.0178958,0.0687424,0.0491168
612.0,33.0226,0.0,0.183617,0.0,0.0,0.0,0.000928227,0.0221727,0.0,0.0883125,0.168134,0.0764787
613.0,33.0559,0.0,0.513552,0.0,0.0,0.0,0.0,0.237702,0.0,0.38555,0.0,0.0695877
614.0,33.0893,0.0,0.551287,0.0,0.0,0.0,0.0,0.108542,0.0408458,0.368095,0.0027621,0.0542604
615.0,33.1226,0.0260097,0.648277,0.0,0.0,0.0,0.0,0.0786479,0.182237,0.48936,0.0,0.0564343
616.0,33.1559,0.0468444,0.553155,0.0,0.0,0.0,0.0,0.147614,0.276898,0.456222,0.0,0.12365
617.0,33.1893,0.0383487,0.32154,0.0,0.0,0.0,0.0,0.207432,0.358476,0.272778,0.0354494,0.0
618.0,33.2226,0.0338429,0.15241,0.0,0.0,0.0,0.0,0.30313,0.374557,0.128033,0.0793316,0.0138233
619.0,33.2559,0.0,0.985813,0.0,0.0,0.0,0.0,0.270397,0.334363,0.0399128,0.0496225,0.14119
620.0,33.2893,0.0,0.801705,0.0,0.185141,0.513565,0.070544,0.168903,0.0793106,0.0,0.413144,0.537988
621.0,33.3226,0.0,0.706237,0.0,0.0501215,0.193294,0.0121786,0.0,0.0332867,0.0,0.122543,0.0590842
622.0,33.3559,0.0,0.28158,0.0855488,0.0180423,0.0684971,0.0,0.113712,0.081094,0.0,0.123926,0.0478415
623.0,33.3893,0.078192,0.103643,0.00931376,0.008177,0.0290576,0.00444107,0.00473406,0.0,0.0,0.0157684,0.074256
624.0,33.4226,0.141352,0.151929,0.0,0.0,0.0,0.0,0.0113287,0.103311,0.0857165,0.0205877,0.0413715
625.0,33.4559,0.00325325,0.0,0.0,0.00906139,0.0323164,0.0058728,0.0589558,0.0671634,0.0,0.238979,0.0951874
626.0,33.4893,0.0,0.0,0.0,0.0123084,0.0420339,0.0618196,0.0105918,0.0789746,0.0,0.41475,0.065913
627.0,33.5226,0.107091,0.0869664,0.122247,0.0,0.0,0.107206,0.0,0.108767,0.0,0.493943,0.120185
628.0,33.5559,0.236269,0.164743,0.177126,0.0,0.0,0.0,0.0,0.296388,0.0702734,0.515253,0.140632
629.0,33.5893,0.068563,0.111378,0.279946,0.070611,0.205187,0.00015137,0.0534678,0.0709647,0.0,0.411255,0.118768
630.0,33.6226,0.154204,0.274257,0.052962,0.0212456,0.0644415,0.0538608,0.0,0.0519862,0.0,0.441944,0.0
631.0,33.6559,0.310616,0.268713,0.147819,0.0100199,0.0355744,0.243183,0.0,0.0189223,0.0,0.372731,0.0
632.0,33.6893,0.389751,0.352684,0.217101,0.0329047,0.096433,0.46151,0.0,0.0,0.00772186,0.298588,0.0
633.0,33.7226,0.493391,0.444536,0.311647,0.051189,0.127478,0.652632,0.0,0.0,0.125793,0.399334,0.0
634.0,33.7559,0.595911,0.435466,0.391235,0.0424791,0.0912477,0.705868,0.0,0.0,0.185477,0.505393,0.013093
635.0,33.7893,0.719759,0.407081,0.566388,0.0446638,0.0928068,0.709054,0.0,0.00972126,0.152875,0.564355,0.0
636.0,33.8226,0.6658,0.424744,0.476327,0.0331119,0.0536924,0.630332,0.0,0.160296,0.101502,0.47374,0.0198582
637.0,33.8559,0.00206488,0.0896885,0.0374744,0.0466578,0.134708,0.0,0.089065,0.0,0.0,0.264293,0.176949
638.0,33.8893,0.154614,0.172152,0.39416,0.0,0.015076,0.230235,0.0,0.0225811,0.0295146,0.311983,0.0
639.0,33.9226,0.324018,0.0,0.203136,0.00193234,0.0617847,0.116723,0.0,0.00289348,0.0,0.325336,0.0133951
640.0,33.9559,0.389489,0.0,0.193845,0.0244373,0.155157,0.129071,0.0,0.0,0.0,0.485154,0.0789612
641.0,33.9893,0.0,0.0250472,0.0,0.0,0.0745903,0.0105731,0.000215621,0.0130899,0.0,0.209841,0.245104
642.0,34.0226,0.0,0.0306418,0.0,0.0,0.094877,0.138919,0.0,0.0,0.00710237,0.0712428,0.107886
643.0,34.0559,0.0,0.031912,0.0,0.0,0.0271439,0.0974711,0.0,0.0,0.00819291,0.0554254,0.105177
644.0,34.0893,0.0,0.0407786,0.0,0.0,0.00458239,0.00984583,0.0,0.0,0.0219817,0.0916439,0.0688411
645.0,34.1226,0.0,0.172969,0.0,0.0,0.0,0.0,0.0365211,0.0,0.0802478,0.175688,0.13991
646.0,34.1559,0.0,0.534521,0.0,0.0,0.0,0.0,0.222562,0.0,0.39398,0.0,0.0624663
647.0,34.1893,0.0,0.557133,0.0,0.0,0.0,0.0,0.099834,0.0629494,0.37279,0.00694033,0.0702664
648.0,34.2226,0.0278278,0.642353,0.0,0.0,0.0,0.0,0.086397,0.174699,0.478346,0.0,0.165963
649.0,34.2559,0.0410929,0.536513,0.0,0.0,0.0,0.0,0.142202,0.300865,0.438057,0.0,0.028818
650.0,34.2893,0.0347937,0.308238,0.0,0.0,0.0,0.0,0.190504,0.352188,0.26125,0.037056,0.0
651.0,34.3226,0.0321996,0.143593,0.0,0.0,0.0,0.0,0.300507,0.365239,0.115339,0.0793192,0.0
652.0,34.3559,0.0,0.920895,0.0,0.0,0.00700916,0.0,0.304145,0.120757,0.0,0.210746,0.0927217
653.0,34.3893,0.0,0.790562,0.0,0.263889,0.619574,0.126373,0.252683,0.129276,0.0,0.338948,0.493593
654.0,34.4226,0.0,0.772531,0.0,0.045982,0.183116,0.0104592,0.0,0.0282658,0.0,0.104556,0.0
655.0,34.4559,0.0,0.271762,0.0668475,0.0219203,0.0824506,0.0,0.107919,0.0759919,0.0,0.114778,0.0278364
656.0,34.4893,0.100059,0.107561,0.0,0.0154731,0.0540153,0.0149042,0.0,0.0,0.0,0.00212075,0.0760565
657.0,34.5226,0.168399,0.184167,0.0,0.0,0.0,0.0,0.00360116,0.11694,0.104823,0.00548991,0.0310087
658.0,34.5559,0.0395392,0.0,0.0,0.00142322,0.00533889,0.00287339,0.0569984,0.0582538,0.0,0.209214,0.0849573
659.0,34.5893,0.00406107,0.0,0.0,0.0127493,0.0426336,0.0822351,0.00283531,0.0639292,0.0,0.375465,0.0536136
660.0,34.6226,0.131703,0.0441451,0.105615,0.0,0.00198539,0.142888,0.0,0.0939613,0.0,0.487811,0.0851151
661.0,34.6559,0.269008,0.150274,0.175037,0.0,0.0,0.00227547,0.0,0.264267,0.0650944,0.49009,0.131841
662.0,34.6893,0.104545,0.151215,0.253737,0.0686155,0.200247,0.00679502,0.0271131,0.0667796,0.0,0.414542,0.124913
663.0,34.7226,0.178163,0.290384,0.0377805,0.0223568,0.0671941,0.0789079,0.0,0.0541727,0.0,0.448759,0.0
664.0,34.7559,0.336286,0.284542,0.141321,0.0143266,0.0493275,0.219241,0.0,0.0220883,0.0,0.313382,0.0
665.0,34.7893,0.408797,0.383195,0.228042,0.0376427,0.107182,0.47725,0.0,0.0,0.00733589,0.306453,0.0
666.0,34.8226,0.516296,0.473277,0.332355,0.0582578,0.146924,0.651001,0.0,0.0,0.117941,0.37462,0.0
667.0,34.8559,0.603074,0.477216,0.404961,0.0437901,0.100782,0.705202,0.0,0.0,0.171442,0.502473,0.00370796
668.0,34.8893,0.71479,0.47649,0.575145,0.0431927,0.0915659,0.711019,0.0,0.00438576,0.149701,0.568254,0.0
669.0,34.9226,0.696433,0.472765,0.499375,0.0303708,0.050806,0.645309,0.0,0.151425,0.0942881,0.523751,0.00155843
670.0,34.9559,0.0711206,0.0,0.136412,0.039637,0.125582,0.0,0.0827025,0.0,0.0,0.245928,0.168763
671.0,34.9893,0.301626,0.114601,0.412701,0.0,0.00417821,0.30193,0.0,0.0236094,0.0211533,0.370348,0.0
672.0,35.0226,0.446617,0.0,0.212835,0.00693533,0.0624522,0.173439,0.0,0.0,0.0,0.380147,0.00119432
673.0,35.0559,0.509029,0.0,0.256875,0.029596,0.161752,0.163878,0.0,0.0,0.0,0.554605,0.0298434
674.0,35.0893,0.0,0.0142245,0.0,0.0,0.0752062,0.0121711,0.0,0.01975,0.0,0.254842,0.235782
675.0,35.1226,0.0,0.027592,0.0,0.0,0.101005,0.178331,0.0,0.0,0.0113234,0.0916476,0.0969741
676.0,35.1559,0.0,0.0297019,0.0,0.0,0.0356979,0.121581,0.0,0.0,0.00299889,0.0758611,0.097293
677.0,35.1893,0.0,0.0509851,0.0,0.0,0.00314255,0.0114207,0.00562611,0.0,0.0213629,0.062086,0.0614703
678.0,35.2226,0.0,0.178262,0.0,0.0,0.0,0.00235957,0.0105977,0.0,0.0899209,0.166027,0.0796356
679.0,35.2559,0.0,0.508982,0.0,0.0,0.0,0.0,0.248708,0.0,0.385001,0.0,0.0808432
680.0,35.2893,0.0,0.566535,0.0,0.0,0.0,0.0,0.121119,0.0536024,0.391677,0.00198142,0.0620277
681.0,35.3226,0.0252962,0.649803,0.0,0.0,0.0,0.0,0.0997067,0.192378,0.49931,0.0,0.0564798
682.0,35.3559,0.0407546,0.538306,0.0,0.0,0.0,0.0,0.164262,0.286643,0.448975,0.0,0.0409399
683.0,35.3893,0.037283,0.313704,0.0,0.0,0.0,0.0,0.215765,0.351393,0.271524,0.0325877,0.0
684.0,35.4226,0.033354,0.156841,0.0,0.0,0.0,0.0,0.296014,0.366424,0.135441,0.0759994,0.0250772
685.0,35.4559,0.0,0.914474,0.0,0.0,0.0,0.0,0.307444,0.130296,0.0,0.205336,0.0819338
686.0,35.4893,0.0,0.799381,0.0,0.192968,0.527435,0.0671911,0.165947,0.0795626,0.0,0.397058,0.510738
687.0,35.5226,0.0,0.714356,0.0,0.0544594,0.207673,0.0325936,0.0,0.020857,0.0,0.112936,0.107215
688.0,35.5559,0.0122953,0.293182,0.0757678,0.017999,0.0690192,0.0,0.117169,0.0776707,0.0,0.114006,0.0265011
689.0,35.5893,0.126874,0.107856,0.0,0.0143711,0.047886,0.00474733,0.00725812,0.0,0.0,0.0139472,0.068459
690.0,35.6226,0.161315,0.168583,0.0,0.0,0.0,0.0,0.0111855,0.136907,0.0809497,0.0613016,0.0
691.0,35.6559,0.0557282,0.000951487,0.0,0.0175495,0.0593908,0.00831221,0.0709422,0.0778192,0.0,0.257018,0.109863
692.0,35.6893,0.0,0.0,0.00865849,0.0191041,0.0594565,0.0413399,0.038004,0.10186,0.0,0.457445,0.0739955
693.0,35.7226,0.180066,0.0524508,0.127675,9.13665e-05,0.00120405,0.0777337,0.00540235,0.123791,0.0,0.494934,0.131591
694.0,35.7559,0.262845,0.154651,0.179558,0.0,0.0,0.00319108,0.0,0.289749,0.049536,0.53696,0.136759
695.0,35.7893,0.0501566,0.183591,0.323094,0.0831264,0.235204,0.0,0.116717,0.0991803,0.0,0.435417,0.155429
696.0,35.8226,0.163479,0.265544,0.0388058,0.0303457,0.086859,0.0349037,0.0,0.0626058,0.0,0.484661,0.0
697.0,35.8559,0.306129,0.278342,0.128238,0.0129955,0.03797,0.167864,0.0,0.0355379,0.0,0.4217,0.0
698.0,35.8893,0.395707,0.361019,0.201848,0.0301574,0.0915349,0.448304,0.0,0.0,0.0,0.297043,0.0
699.0,35.9226,0.491944,0.452569,0.277946,0.0546065,0.136922,0.653973,0.0,0.0,0.11131,0.393689,0.0
700.0,35.9559,0.585079,0.464139,0.360708,0.0472138,0.105693,0.726021,4.11544e-05,0.0,0.188981,0.513698,0.00138637
701.0,35.9893,0.313635,0.0,0.17858,0.0489925,0.104616,0.653691,0.0,0.0,0.106692,0.559286,0.0678827
702.0,36.0226,0.699022,0.405977,0.471957,0.0329841,0.0530439,0.651095,0.0,0.143353,0.107885,0.500843,0.00828235
703.0,36.0559,0.0300735,0.0107151,0.167775,0.0458171,0.136348,0.0,0.119186,0.0,0.00139774,0.342157,0.173927
704.0,36.0893,0.32119,0.1125,0.431852,0.0,0.0,0.302527,0.0,0.0193621,0.0227113,0.370682,0.0
705.0,36.1226,0.478118,0.0,0.209887,0.00568518,0.0569097,0.188529,0.0,0.0,0.0,0.391137,0.0562374
706.0,36.1559,0.417554,0.0,0.261491,0.0245453,0.154163,0.143108,0.0,0.00614744,0.0,0.573397,0.0470287
